sim_idx,partition,event_type,event_target,is_fault
0,monitoring,flt_1phg_shc,MainLn1-2,True
1,optimization,flt_1phg_shc,MainLn1-2,True
2,optimization,flt_1phg_shc,MainLn1-2,True
3,monitoring,flt_1phg_shc,MainLn1-2,True
4,optimization,flt_1phg_shc,MainLn1-2,True
5,optimization,flt_1phg_shc,MainLn10-11,True
6,monitoring,flt_1phg_shc,MainLn10-11,True
7,optimization,flt_1phg_shc,MainLn10-11,True
8,optimization,flt_1phg_shc,MainLn10-11,True
9,monitoring,flt_1phg_shc,MainLn10-11,True
10,monitoring,flt_1phg_shc,MainLn12-13,True
11,optimization,flt_1phg_shc,MainLn12-13,True
12,optimization,flt_1phg_shc,MainLn12-13,True
13,optimization,flt_1phg_shc,MainLn12-13,True
14,optimization,flt_1phg_shc,MainLn12-13,True
15,optimization,flt_1phg_shc,MainLn13-14,True
16,optimization,flt_1phg_shc,MainLn13-14,True
17,evaluation,flt_1phg_shc,MainLn13-14,True
18,optimization,flt_1phg_shc,MainLn13-14,True
19,optimization,flt_1phg_shc,MainLn13-14,True
20,optimization,flt_1phg_shc,MainLn2-3,True
21,optimization,flt_1phg_shc,MainLn2-3,True
22,optimization,flt_1phg_shc,MainLn2-3,True
23,evaluation,flt_1phg_shc,MainLn2-3,True
24,optimization,flt_1phg_shc,MainLn2-3,True
25,optimization,flt_1phg_shc,MainLn3-4,True
26,evaluation,flt_1phg_shc,MainLn3-4,True
27,optimization,flt_1phg_shc,MainLn3-4,True
28,optimization,flt_1phg_shc,MainLn3-4,True
29,optimization,flt_1phg_shc,MainLn3-4,True
30,optimization,flt_1phg_shc,MainLn3-8,True
31,optimization,flt_1phg_shc,MainLn3-8,True
32,optimization,flt_1phg_shc,MainLn3-8,True
33,optimization,flt_1phg_shc,MainLn3-8,True
34,optimization,flt_1phg_shc,MainLn3-8,True
35,optimization,flt_1phg_shc,MainLn4-11,True
36,monitoring,flt_1phg_shc,MainLn4-11,True
37,optimization,flt_1phg_shc,MainLn4-11,True
38,optimization,flt_1phg_shc,MainLn4-11,True
39,optimization,flt_1phg_shc,MainLn4-11,True
40,optimization,flt_1phg_shc,MainLn4-5,True
41,optimization,flt_1phg_shc,MainLn4-5,True
42,optimization,flt_1phg_shc,MainLn4-5,True
43,optimization,flt_1phg_shc,MainLn4-5,True
44,optimization,flt_1phg_shc,MainLn4-5,True
45,optimization,flt_1phg_shc,MainLn5-6,True
46,optimization,flt_1phg_shc,MainLn5-6,True
47,optimization,flt_1phg_shc,MainLn5-6,True
48,optimization,flt_1phg_shc,MainLn5-6,True
49,optimization,flt_1phg_shc,MainLn5-6,True
50,optimization,flt_1phg_shc,MainLn6-7,True
51,evaluation,flt_1phg_shc,MainLn6-7,True
52,optimization,flt_1phg_shc,MainLn6-7,True
53,optimization,flt_1phg_shc,MainLn6-7,True
54,optimization,flt_1phg_shc,MainLn6-7,True
55,monitoring,flt_1phg_shc,MainLn7-8,True
56,optimization,flt_1phg_shc,MainLn7-8,True
57,optimization,flt_1phg_shc,MainLn7-8,True
58,optimization,flt_1phg_shc,MainLn7-8,True
59,optimization,flt_1phg_shc,MainLn7-8,True
60,optimization,flt_1phg_shc,MainLn8-14,True
61,monitoring,flt_1phg_shc,MainLn8-14,True
62,optimization,flt_1phg_shc,MainLn8-14,True
63,optimization,flt_1phg_shc,MainLn8-14,True
64,optimization,flt_1phg_shc,MainLn8-14,True
65,optimization,flt_1phg_shc,MainLn8-9,True
66,monitoring,flt_1phg_shc,MainLn8-9,True
67,optimization,flt_1phg_shc,MainLn8-9,True
68,optimization,flt_1phg_shc,MainLn8-9,True
69,monitoring,flt_1phg_shc,MainLn8-9,True
70,optimization,flt_1phg_shc,MainLn9-10,True
71,optimization,flt_1phg_shc,MainLn9-10,True
72,optimization,flt_1phg_shc,MainLn9-10,True
73,optimization,flt_1phg_shc,MainLn9-10,True
74,optimization,flt_1phg_shc,MainLn9-10,True
75,optimization,flt_1phg_shc,MainBus1,True
76,optimization,flt_1phg_shc,MainBus10,True
77,optimization,flt_1phg_shc,MainBus11,True
78,optimization,flt_1phg_shc,MainBus12,True
79,optimization,flt_1phg_shc,MainBus13,True
80,optimization,flt_1phg_shc,MainBus14,True
81,optimization,flt_1phg_shc,MainBus2,True
82,optimization,flt_1phg_shc,MainBus3,True
83,optimization,flt_1phg_shc,MainBus4,True
84,optimization,flt_1phg_shc,MainBus5,True
85,optimization,flt_1phg_shc,MainBus6,True
86,optimization,flt_1phg_shc,MainBus7,True
87,optimization,flt_1phg_shc,MainBus8,True
88,optimization,flt_1phg_shc,MainBus9,True
89,optimization,flt_1phg_shc,MainLn1-2,True
90,optimization,flt_1phg_shc,MainLn1-2,True
91,optimization,flt_1phg_shc,MainLn1-2,True
92,optimization,flt_1phg_shc,MainLn1-2,True
93,evaluation,flt_1phg_shc,MainLn1-2,True
94,optimization,flt_1phg_shc,MainLn10-11,True
95,optimization,flt_1phg_shc,MainLn10-11,True
96,optimization,flt_1phg_shc,MainLn10-11,True
97,optimization,flt_1phg_shc,MainLn10-11,True
98,optimization,flt_1phg_shc,MainLn10-11,True
99,optimization,flt_1phg_shc,MainLn12-13,True
100,optimization,flt_1phg_shc,MainLn12-13,True
101,optimization,flt_1phg_shc,MainLn12-13,True
102,optimization,flt_1phg_shc,MainLn12-13,True
103,optimization,flt_1phg_shc,MainLn12-13,True
104,optimization,flt_1phg_shc,MainLn13-14,True
105,optimization,flt_1phg_shc,MainLn13-14,True
106,optimization,flt_1phg_shc,MainLn13-14,True
107,optimization,flt_1phg_shc,MainLn13-14,True
108,optimization,flt_1phg_shc,MainLn13-14,True
109,optimization,flt_1phg_shc,MainLn2-3,True
110,optimization,flt_1phg_shc,MainLn2-3,True
111,optimization,flt_1phg_shc,MainLn2-3,True
112,optimization,flt_1phg_shc,MainLn2-3,True
113,optimization,flt_1phg_shc,MainLn2-3,True
114,optimization,flt_1phg_shc,MainLn3-4,True
115,monitoring,flt_1phg_shc,MainLn3-4,True
116,optimization,flt_1phg_shc,MainLn3-4,True
117,optimization,flt_1phg_shc,MainLn3-4,True
118,monitoring,flt_1phg_shc,MainLn3-4,True
119,optimization,flt_1phg_shc,MainLn3-8,True
120,optimization,flt_1phg_shc,MainLn3-8,True
121,optimization,flt_1phg_shc,MainLn3-8,True
122,optimization,flt_1phg_shc,MainLn3-8,True
123,optimization,flt_1phg_shc,MainLn3-8,True
124,optimization,flt_1phg_shc,MainLn4-11,True
125,optimization,flt_1phg_shc,MainLn4-11,True
126,optimization,flt_1phg_shc,MainLn4-11,True
127,optimization,flt_1phg_shc,MainLn4-11,True
128,optimization,flt_1phg_shc,MainLn4-11,True
129,optimization,flt_1phg_shc,MainLn4-5,True
130,optimization,flt_1phg_shc,MainLn4-5,True
131,optimization,flt_1phg_shc,MainLn4-5,True
132,evaluation,flt_1phg_shc,MainLn4-5,True
133,optimization,flt_1phg_shc,MainLn4-5,True
134,evaluation,flt_1phg_shc,MainLn5-6,True
135,optimization,flt_1phg_shc,MainLn5-6,True
136,optimization,flt_1phg_shc,MainLn5-6,True
137,optimization,flt_1phg_shc,MainLn5-6,True
138,optimization,flt_1phg_shc,MainLn5-6,True
139,monitoring,flt_1phg_shc,MainLn6-7,True
140,optimization,flt_1phg_shc,MainLn6-7,True
141,optimization,flt_1phg_shc,MainLn6-7,True
142,optimization,flt_1phg_shc,MainLn6-7,True
143,optimization,flt_1phg_shc,MainLn6-7,True
144,optimization,flt_1phg_shc,MainLn7-8,True
145,optimization,flt_1phg_shc,MainLn7-8,True
146,optimization,flt_1phg_shc,MainLn7-8,True
147,optimization,flt_1phg_shc,MainLn7-8,True
148,optimization,flt_1phg_shc,MainLn7-8,True
149,optimization,flt_1phg_shc,MainLn8-14,True
150,optimization,flt_1phg_shc,MainLn8-14,True
151,evaluation,flt_1phg_shc,MainLn8-14,True
152,optimization,flt_1phg_shc,MainLn8-14,True
153,optimization,flt_1phg_shc,MainLn8-14,True
154,optimization,flt_1phg_shc,MainLn8-9,True
155,optimization,flt_1phg_shc,MainLn8-9,True
156,optimization,flt_1phg_shc,MainLn8-9,True
157,evaluation,flt_1phg_shc,MainLn8-9,True
158,optimization,flt_1phg_shc,MainLn8-9,True
159,optimization,flt_1phg_shc,MainLn9-10,True
160,monitoring,flt_1phg_shc,MainLn9-10,True
161,optimization,flt_1phg_shc,MainLn9-10,True
162,optimization,flt_1phg_shc,MainLn9-10,True
163,optimization,flt_1phg_shc,MainLn9-10,True
164,optimization,flt_1phg_shc,MainBus1,True
165,monitoring,flt_1phg_shc,MainBus10,True
166,monitoring,flt_1phg_shc,MainBus11,True
167,optimization,flt_1phg_shc,MainBus12,True
168,optimization,flt_1phg_shc,MainBus13,True
169,optimization,flt_1phg_shc,MainBus14,True
170,optimization,flt_1phg_shc,MainBus2,True
171,optimization,flt_1phg_shc,MainBus3,True
172,optimization,flt_1phg_shc,MainBus4,True
173,optimization,flt_1phg_shc,MainBus5,True
174,optimization,flt_1phg_shc,MainBus6,True
175,optimization,flt_1phg_shc,MainBus7,True
176,optimization,flt_1phg_shc,MainBus8,True
177,optimization,flt_1phg_shc,MainBus9,True
178,optimization,flt_1phg_shc,MainLn1-2,True
179,optimization,flt_1phg_shc,MainLn1-2,True
180,optimization,flt_1phg_shc,MainLn1-2,True
181,optimization,flt_1phg_shc,MainLn1-2,True
182,optimization,flt_1phg_shc,MainLn1-2,True
183,optimization,flt_1phg_shc,MainLn10-11,True
184,optimization,flt_1phg_shc,MainLn10-11,True
185,optimization,flt_1phg_shc,MainLn10-11,True
186,optimization,flt_1phg_shc,MainLn10-11,True
187,optimization,flt_1phg_shc,MainLn10-11,True
188,optimization,flt_1phg_shc,MainLn12-13,True
189,optimization,flt_1phg_shc,MainLn12-13,True
190,optimization,flt_1phg_shc,MainLn12-13,True
191,optimization,flt_1phg_shc,MainLn12-13,True
192,optimization,flt_1phg_shc,MainLn12-13,True
193,optimization,flt_1phg_shc,MainLn13-14,True
194,optimization,flt_1phg_shc,MainLn13-14,True
195,optimization,flt_1phg_shc,MainLn13-14,True
196,optimization,flt_1phg_shc,MainLn13-14,True
197,optimization,flt_1phg_shc,MainLn13-14,True
198,optimization,flt_1phg_shc,MainLn2-3,True
199,evaluation,flt_1phg_shc,MainLn2-3,True
200,optimization,flt_1phg_shc,MainLn2-3,True
201,optimization,flt_1phg_shc,MainLn2-3,True
202,optimization,flt_1phg_shc,MainLn2-3,True
203,optimization,flt_1phg_shc,MainLn3-4,True
204,optimization,flt_1phg_shc,MainLn3-4,True
205,optimization,flt_1phg_shc,MainLn3-4,True
206,optimization,flt_1phg_shc,MainLn3-4,True
207,optimization,flt_1phg_shc,MainLn3-4,True
208,optimization,flt_1phg_shc,MainLn3-8,True
209,optimization,flt_1phg_shc,MainLn3-8,True
210,optimization,flt_1phg_shc,MainLn3-8,True
211,optimization,flt_1phg_shc,MainLn3-8,True
212,optimization,flt_1phg_shc,MainLn3-8,True
213,optimization,flt_1phg_shc,MainLn4-11,True
214,optimization,flt_1phg_shc,MainLn4-11,True
215,optimization,flt_1phg_shc,MainLn4-11,True
216,optimization,flt_1phg_shc,MainLn4-11,True
217,optimization,flt_1phg_shc,MainLn4-11,True
218,optimization,flt_1phg_shc,MainLn4-5,True
219,optimization,flt_1phg_shc,MainLn4-5,True
220,optimization,flt_1phg_shc,MainLn4-5,True
221,optimization,flt_1phg_shc,MainLn4-5,True
222,optimization,flt_1phg_shc,MainLn4-5,True
223,optimization,flt_1phg_shc,MainLn5-6,True
224,optimization,flt_1phg_shc,MainLn5-6,True
225,optimization,flt_1phg_shc,MainLn5-6,True
226,optimization,flt_1phg_shc,MainLn5-6,True
227,optimization,flt_1phg_shc,MainLn5-6,True
228,optimization,flt_1phg_shc,MainLn6-7,True
229,optimization,flt_1phg_shc,MainLn6-7,True
230,optimization,flt_1phg_shc,MainLn6-7,True
231,optimization,flt_1phg_shc,MainLn6-7,True
232,optimization,flt_1phg_shc,MainLn6-7,True
233,optimization,flt_1phg_shc,MainLn7-8,True
234,optimization,flt_1phg_shc,MainLn7-8,True
235,optimization,flt_1phg_shc,MainLn7-8,True
236,optimization,flt_1phg_shc,MainLn7-8,True
237,optimization,flt_1phg_shc,MainLn7-8,True
238,evaluation,flt_1phg_shc,MainLn8-14,True
239,optimization,flt_1phg_shc,MainLn8-14,True
240,optimization,flt_1phg_shc,MainLn8-14,True
241,optimization,flt_1phg_shc,MainLn8-14,True
242,optimization,flt_1phg_shc,MainLn8-14,True
243,monitoring,flt_1phg_shc,MainLn8-9,True
244,monitoring,flt_1phg_shc,MainLn8-9,True
245,optimization,flt_1phg_shc,MainLn8-9,True
246,optimization,flt_1phg_shc,MainLn8-9,True
247,optimization,flt_1phg_shc,MainLn8-9,True
248,optimization,flt_1phg_shc,MainLn9-10,True
249,optimization,flt_1phg_shc,MainLn9-10,True
250,optimization,flt_1phg_shc,MainLn9-10,True
251,monitoring,flt_1phg_shc,MainLn9-10,True
252,monitoring,flt_1phg_shc,MainLn9-10,True
253,optimization,flt_1phg_shc,MainBus1,True
254,optimization,flt_1phg_shc,MainBus10,True
255,optimization,flt_1phg_shc,MainBus11,True
256,optimization,flt_1phg_shc,MainBus12,True
257,optimization,flt_1phg_shc,MainBus13,True
258,monitoring,flt_1phg_shc,MainBus14,True
259,monitoring,flt_1phg_shc,MainBus2,True
260,optimization,flt_1phg_shc,MainBus3,True
261,optimization,flt_1phg_shc,MainBus4,True
262,optimization,flt_1phg_shc,MainBus5,True
263,optimization,flt_1phg_shc,MainBus6,True
264,optimization,flt_1phg_shc,MainBus7,True
265,optimization,flt_1phg_shc,MainBus8,True
266,optimization,flt_1phg_shc,MainBus9,True
267,optimization,flt_1phg_shc,MainLn1-2,True
268,optimization,flt_1phg_shc,MainLn1-2,True
269,optimization,flt_1phg_shc,MainLn1-2,True
270,optimization,flt_1phg_shc,MainLn1-2,True
271,optimization,flt_1phg_shc,MainLn1-2,True
272,optimization,flt_1phg_shc,MainLn10-11,True
273,optimization,flt_1phg_shc,MainLn10-11,True
274,evaluation,flt_1phg_shc,MainLn10-11,True
275,optimization,flt_1phg_shc,MainLn10-11,True
276,optimization,flt_1phg_shc,MainLn10-11,True
277,optimization,flt_1phg_shc,MainLn12-13,True
278,monitoring,flt_1phg_shc,MainLn12-13,True
279,optimization,flt_1phg_shc,MainLn12-13,True
280,optimization,flt_1phg_shc,MainLn12-13,True
281,optimization,flt_1phg_shc,MainLn12-13,True
282,optimization,flt_1phg_shc,MainLn13-14,True
283,optimization,flt_1phg_shc,MainLn13-14,True
284,optimization,flt_1phg_shc,MainLn13-14,True
285,optimization,flt_1phg_shc,MainLn13-14,True
286,optimization,flt_1phg_shc,MainLn13-14,True
287,evaluation,flt_1phg_shc,MainLn2-3,True
288,monitoring,flt_1phg_shc,MainLn2-3,True
289,monitoring,flt_1phg_shc,MainLn2-3,True
290,optimization,flt_1phg_shc,MainLn2-3,True
291,optimization,flt_1phg_shc,MainLn2-3,True
292,optimization,flt_1phg_shc,MainLn3-4,True
293,optimization,flt_1phg_shc,MainLn3-4,True
294,optimization,flt_1phg_shc,MainLn3-4,True
295,optimization,flt_1phg_shc,MainLn3-4,True
296,optimization,flt_1phg_shc,MainLn3-4,True
297,optimization,flt_1phg_shc,MainLn3-8,True
298,evaluation,flt_1phg_shc,MainLn3-8,True
299,optimization,flt_1phg_shc,MainLn3-8,True
300,optimization,flt_1phg_shc,MainLn3-8,True
301,optimization,flt_1phg_shc,MainLn3-8,True
302,optimization,flt_1phg_shc,MainLn4-11,True
303,optimization,flt_1phg_shc,MainLn4-11,True
304,optimization,flt_1phg_shc,MainLn4-11,True
305,optimization,flt_1phg_shc,MainLn4-11,True
306,optimization,flt_1phg_shc,MainLn4-11,True
307,monitoring,flt_1phg_shc,MainLn4-5,True
308,evaluation,flt_1phg_shc,MainLn4-5,True
309,optimization,flt_1phg_shc,MainLn4-5,True
310,optimization,flt_1phg_shc,MainLn4-5,True
311,optimization,flt_1phg_shc,MainLn4-5,True
312,optimization,flt_1phg_shc,MainLn5-6,True
313,optimization,flt_1phg_shc,MainLn5-6,True
314,optimization,flt_1phg_shc,MainLn5-6,True
315,evaluation,flt_1phg_shc,MainLn5-6,True
316,monitoring,flt_1phg_shc,MainLn5-6,True
317,optimization,flt_1phg_shc,MainLn6-7,True
318,optimization,flt_1phg_shc,MainLn6-7,True
319,optimization,flt_1phg_shc,MainLn6-7,True
320,optimization,flt_1phg_shc,MainLn6-7,True
321,optimization,flt_1phg_shc,MainLn6-7,True
322,evaluation,flt_1phg_shc,MainLn7-8,True
323,monitoring,flt_1phg_shc,MainLn7-8,True
324,optimization,flt_1phg_shc,MainLn7-8,True
325,optimization,flt_1phg_shc,MainLn7-8,True
326,optimization,flt_1phg_shc,MainLn7-8,True
327,optimization,flt_1phg_shc,MainLn8-14,True
328,optimization,flt_1phg_shc,MainLn8-14,True
329,monitoring,flt_1phg_shc,MainLn8-14,True
330,optimization,flt_1phg_shc,MainLn8-14,True
331,optimization,flt_1phg_shc,MainLn8-14,True
332,optimization,flt_1phg_shc,MainLn8-9,True
333,monitoring,flt_1phg_shc,MainLn8-9,True
334,optimization,flt_1phg_shc,MainLn8-9,True
335,optimization,flt_1phg_shc,MainLn8-9,True
336,optimization,flt_1phg_shc,MainLn8-9,True
337,optimization,flt_1phg_shc,MainLn9-10,True
338,optimization,flt_1phg_shc,MainLn9-10,True
339,optimization,flt_1phg_shc,MainLn9-10,True
340,optimization,flt_1phg_shc,MainLn9-10,True
341,optimization,flt_1phg_shc,MainLn9-10,True
342,optimization,flt_1phg_shc,MainBus1,True
343,optimization,flt_1phg_shc,MainBus10,True
344,optimization,flt_1phg_shc,MainBus11,True
345,monitoring,flt_1phg_shc,MainBus12,True
346,optimization,flt_1phg_shc,MainBus13,True
347,optimization,flt_1phg_shc,MainBus14,True
348,optimization,flt_1phg_shc,MainBus2,True
349,optimization,flt_1phg_shc,MainBus3,True
350,evaluation,flt_1phg_shc,MainBus4,True
351,optimization,flt_1phg_shc,MainBus5,True
352,optimization,flt_1phg_shc,MainBus6,True
353,optimization,flt_1phg_shc,MainBus7,True
354,optimization,flt_1phg_shc,MainBus8,True
355,optimization,flt_1phg_shc,MainBus9,True
356,optimization,flt_1phg_shc,MainLn1-2,True
357,optimization,flt_1phg_shc,MainLn1-2,True
358,optimization,flt_1phg_shc,MainLn1-2,True
359,optimization,flt_1phg_shc,MainLn1-2,True
360,optimization,flt_1phg_shc,MainLn1-2,True
361,optimization,flt_1phg_shc,MainLn10-11,True
362,optimization,flt_1phg_shc,MainLn10-11,True
363,optimization,flt_1phg_shc,MainLn10-11,True
364,optimization,flt_1phg_shc,MainLn10-11,True
365,optimization,flt_1phg_shc,MainLn10-11,True
366,optimization,flt_1phg_shc,MainLn12-13,True
367,optimization,flt_1phg_shc,MainLn12-13,True
368,optimization,flt_1phg_shc,MainLn12-13,True
369,optimization,flt_1phg_shc,MainLn12-13,True
370,optimization,flt_1phg_shc,MainLn12-13,True
371,optimization,flt_1phg_shc,MainLn13-14,True
372,optimization,flt_1phg_shc,MainLn13-14,True
373,optimization,flt_1phg_shc,MainLn13-14,True
374,optimization,flt_1phg_shc,MainLn13-14,True
375,optimization,flt_1phg_shc,MainLn13-14,True
376,optimization,flt_1phg_shc,MainLn2-3,True
377,optimization,flt_1phg_shc,MainLn2-3,True
378,optimization,flt_1phg_shc,MainLn2-3,True
379,monitoring,flt_1phg_shc,MainLn2-3,True
380,monitoring,flt_1phg_shc,MainLn2-3,True
381,optimization,flt_1phg_shc,MainLn3-4,True
382,optimization,flt_1phg_shc,MainLn3-4,True
383,optimization,flt_1phg_shc,MainLn3-4,True
384,optimization,flt_1phg_shc,MainLn3-4,True
385,optimization,flt_1phg_shc,MainLn3-4,True
386,optimization,flt_1phg_shc,MainLn3-8,True
387,optimization,flt_1phg_shc,MainLn3-8,True
388,monitoring,flt_1phg_shc,MainLn3-8,True
389,optimization,flt_1phg_shc,MainLn3-8,True
390,optimization,flt_1phg_shc,MainLn3-8,True
391,optimization,flt_1phg_shc,MainLn4-11,True
392,optimization,flt_1phg_shc,MainLn4-11,True
393,optimization,flt_1phg_shc,MainLn4-11,True
394,optimization,flt_1phg_shc,MainLn4-11,True
395,monitoring,flt_1phg_shc,MainLn4-11,True
396,monitoring,flt_1phg_shc,MainLn4-5,True
397,monitoring,flt_1phg_shc,MainLn4-5,True
398,optimization,flt_1phg_shc,MainLn4-5,True
399,optimization,flt_1phg_shc,MainLn4-5,True
400,optimization,flt_1phg_shc,MainLn4-5,True
401,optimization,flt_1phg_shc,MainLn5-6,True
402,optimization,flt_1phg_shc,MainLn5-6,True
403,optimization,flt_1phg_shc,MainLn5-6,True
404,optimization,flt_1phg_shc,MainLn5-6,True
405,optimization,flt_1phg_shc,MainLn5-6,True
406,optimization,flt_1phg_shc,MainLn6-7,True
407,optimization,flt_1phg_shc,MainLn6-7,True
408,optimization,flt_1phg_shc,MainLn6-7,True
409,optimization,flt_1phg_shc,MainLn6-7,True
410,optimization,flt_1phg_shc,MainLn6-7,True
411,optimization,flt_1phg_shc,MainLn7-8,True
412,optimization,flt_1phg_shc,MainLn7-8,True
413,optimization,flt_1phg_shc,MainLn7-8,True
414,evaluation,flt_1phg_shc,MainLn7-8,True
415,evaluation,flt_1phg_shc,MainLn7-8,True
416,optimization,flt_1phg_shc,MainLn8-14,True
417,optimization,flt_1phg_shc,MainLn8-14,True
418,optimization,flt_1phg_shc,MainLn8-14,True
419,monitoring,flt_1phg_shc,MainLn8-14,True
420,optimization,flt_1phg_shc,MainLn8-14,True
421,optimization,flt_1phg_shc,MainLn8-9,True
422,optimization,flt_1phg_shc,MainLn8-9,True
423,optimization,flt_1phg_shc,MainLn8-9,True
424,optimization,flt_1phg_shc,MainLn8-9,True
425,optimization,flt_1phg_shc,MainLn8-9,True
426,optimization,flt_1phg_shc,MainLn9-10,True
427,optimization,flt_1phg_shc,MainLn9-10,True
428,optimization,flt_1phg_shc,MainLn9-10,True
429,optimization,flt_1phg_shc,MainLn9-10,True
430,optimization,flt_1phg_shc,MainLn9-10,True
431,optimization,flt_1phg_shc,MainBus1,True
432,optimization,flt_1phg_shc,MainBus10,True
433,optimization,flt_1phg_shc,MainBus11,True
434,optimization,flt_1phg_shc,MainBus12,True
435,optimization,flt_1phg_shc,MainBus13,True
436,optimization,flt_1phg_shc,MainBus14,True
437,optimization,flt_1phg_shc,MainBus2,True
438,evaluation,flt_1phg_shc,MainBus3,True
439,optimization,flt_1phg_shc,MainBus4,True
440,optimization,flt_1phg_shc,MainBus5,True
441,optimization,flt_1phg_shc,MainBus6,True
442,optimization,flt_1phg_shc,MainBus7,True
443,evaluation,flt_1phg_shc,MainBus8,True
444,optimization,flt_1phg_shc,MainBus9,True
445,optimization,flt_1phg_shc,MainLn1-2,True
446,optimization,flt_1phg_shc,MainLn1-2,True
447,optimization,flt_1phg_shc,MainLn1-2,True
448,optimization,flt_1phg_shc,MainLn1-2,True
449,optimization,flt_1phg_shc,MainLn1-2,True
450,optimization,flt_1phg_shc,MainLn10-11,True
451,optimization,flt_1phg_shc,MainLn10-11,True
452,optimization,flt_1phg_shc,MainLn10-11,True
453,optimization,flt_1phg_shc,MainLn10-11,True
454,optimization,flt_1phg_shc,MainLn10-11,True
455,optimization,flt_1phg_shc,MainLn12-13,True
456,optimization,flt_1phg_shc,MainLn12-13,True
457,evaluation,flt_1phg_shc,MainLn12-13,True
458,optimization,flt_1phg_shc,MainLn12-13,True
459,optimization,flt_1phg_shc,MainLn12-13,True
460,optimization,flt_1phg_shc,MainLn13-14,True
461,optimization,flt_1phg_shc,MainLn13-14,True
462,optimization,flt_1phg_shc,MainLn13-14,True
463,evaluation,flt_1phg_shc,MainLn13-14,True
464,optimization,flt_1phg_shc,MainLn13-14,True
465,optimization,flt_1phg_shc,MainLn2-3,True
466,optimization,flt_1phg_shc,MainLn2-3,True
467,optimization,flt_1phg_shc,MainLn2-3,True
468,optimization,flt_1phg_shc,MainLn2-3,True
469,optimization,flt_1phg_shc,MainLn2-3,True
470,optimization,flt_1phg_shc,MainLn3-4,True
471,evaluation,flt_1phg_shc,MainLn3-4,True
472,optimization,flt_1phg_shc,MainLn3-4,True
473,optimization,flt_1phg_shc,MainLn3-4,True
474,optimization,flt_1phg_shc,MainLn3-4,True
475,optimization,flt_1phg_shc,MainLn3-8,True
476,optimization,flt_1phg_shc,MainLn3-8,True
477,optimization,flt_1phg_shc,MainLn3-8,True
478,monitoring,flt_1phg_shc,MainLn3-8,True
479,optimization,flt_1phg_shc,MainLn3-8,True
480,optimization,flt_1phg_shc,MainLn4-11,True
481,optimization,flt_1phg_shc,MainLn4-11,True
482,optimization,flt_1phg_shc,MainLn4-11,True
483,optimization,flt_1phg_shc,MainLn4-11,True
484,optimization,flt_1phg_shc,MainLn4-11,True
485,optimization,flt_1phg_shc,MainLn4-5,True
486,evaluation,flt_1phg_shc,MainLn4-5,True
487,optimization,flt_1phg_shc,MainLn4-5,True
488,optimization,flt_1phg_shc,MainLn4-5,True
489,optimization,flt_1phg_shc,MainLn4-5,True
490,optimization,flt_1phg_shc,MainLn5-6,True
491,monitoring,flt_1phg_shc,MainLn5-6,True
492,optimization,flt_1phg_shc,MainLn5-6,True
493,optimization,flt_1phg_shc,MainLn5-6,True
494,optimization,flt_1phg_shc,MainLn5-6,True
495,optimization,flt_1phg_shc,MainLn6-7,True
496,optimization,flt_1phg_shc,MainLn6-7,True
497,evaluation,flt_1phg_shc,MainLn6-7,True
498,optimization,flt_1phg_shc,MainLn6-7,True
499,optimization,flt_1phg_shc,MainLn6-7,True
500,optimization,flt_1phg_shc,MainLn7-8,True
501,optimization,flt_1phg_shc,MainLn7-8,True
502,optimization,flt_1phg_shc,MainLn7-8,True
503,optimization,flt_1phg_shc,MainLn7-8,True
504,optimization,flt_1phg_shc,MainLn7-8,True
505,optimization,flt_1phg_shc,MainLn8-14,True
506,optimization,flt_1phg_shc,MainLn8-14,True
507,optimization,flt_1phg_shc,MainLn8-14,True
508,optimization,flt_1phg_shc,MainLn8-14,True
509,optimization,flt_1phg_shc,MainLn8-14,True
510,monitoring,flt_1phg_shc,MainLn8-9,True
511,optimization,flt_1phg_shc,MainLn8-9,True
512,optimization,flt_1phg_shc,MainLn8-9,True
513,optimization,flt_1phg_shc,MainLn8-9,True
514,monitoring,flt_1phg_shc,MainLn8-9,True
515,optimization,flt_1phg_shc,MainLn9-10,True
516,optimization,flt_1phg_shc,MainLn9-10,True
517,optimization,flt_1phg_shc,MainLn9-10,True
518,optimization,flt_1phg_shc,MainLn9-10,True
519,monitoring,flt_1phg_shc,MainLn9-10,True
520,optimization,flt_1phg_shc,MainBus1,True
521,optimization,flt_1phg_shc,MainBus10,True
522,optimization,flt_1phg_shc,MainBus11,True
523,optimization,flt_1phg_shc,MainBus12,True
524,optimization,flt_1phg_shc,MainBus13,True
525,optimization,flt_1phg_shc,MainBus14,True
526,monitoring,flt_1phg_shc,MainBus2,True
527,optimization,flt_1phg_shc,MainBus3,True
528,optimization,flt_1phg_shc,MainBus4,True
529,optimization,flt_1phg_shc,MainBus5,True
530,optimization,flt_1phg_shc,MainBus6,True
531,optimization,flt_1phg_shc,MainBus7,True
532,optimization,flt_1phg_shc,MainBus8,True
533,optimization,flt_1phg_shc,MainBus9,True
534,monitoring,flt_1phg_shc,MainLn1-2,True
535,optimization,flt_1phg_shc,MainLn1-2,True
536,optimization,flt_1phg_shc,MainLn1-2,True
537,monitoring,flt_1phg_shc,MainLn1-2,True
538,evaluation,flt_1phg_shc,MainLn1-2,True
539,optimization,flt_1phg_shc,MainLn10-11,True
540,optimization,flt_1phg_shc,MainLn10-11,True
541,optimization,flt_1phg_shc,MainLn10-11,True
542,optimization,flt_1phg_shc,MainLn10-11,True
543,optimization,flt_1phg_shc,MainLn10-11,True
544,evaluation,flt_1phg_shc,MainLn12-13,True
545,optimization,flt_1phg_shc,MainLn12-13,True
546,optimization,flt_1phg_shc,MainLn12-13,True
547,optimization,flt_1phg_shc,MainLn12-13,True
548,optimization,flt_1phg_shc,MainLn12-13,True
549,optimization,flt_1phg_shc,MainLn13-14,True
550,optimization,flt_1phg_shc,MainLn13-14,True
551,optimization,flt_1phg_shc,MainLn13-14,True
552,optimization,flt_1phg_shc,MainLn13-14,True
553,optimization,flt_1phg_shc,MainLn13-14,True
554,optimization,flt_1phg_shc,MainLn2-3,True
555,evaluation,flt_1phg_shc,MainLn2-3,True
556,monitoring,flt_1phg_shc,MainLn2-3,True
557,optimization,flt_1phg_shc,MainLn2-3,True
558,optimization,flt_1phg_shc,MainLn2-3,True
559,optimization,flt_1phg_shc,MainLn3-4,True
560,optimization,flt_1phg_shc,MainLn3-4,True
561,optimization,flt_1phg_shc,MainLn3-4,True
562,optimization,flt_1phg_shc,MainLn3-4,True
563,optimization,flt_1phg_shc,MainLn3-4,True
564,optimization,flt_1phg_shc,MainLn3-8,True
565,optimization,flt_1phg_shc,MainLn3-8,True
566,optimization,flt_1phg_shc,MainLn3-8,True
567,optimization,flt_1phg_shc,MainLn3-8,True
568,optimization,flt_1phg_shc,MainLn3-8,True
569,optimization,flt_1phg_shc,MainLn4-11,True
570,optimization,flt_1phg_shc,MainLn4-11,True
571,optimization,flt_1phg_shc,MainLn4-11,True
572,optimization,flt_1phg_shc,MainLn4-11,True
573,optimization,flt_1phg_shc,MainLn4-11,True
574,optimization,flt_1phg_shc,MainLn4-5,True
575,optimization,flt_1phg_shc,MainLn4-5,True
576,monitoring,flt_1phg_shc,MainLn4-5,True
577,optimization,flt_1phg_shc,MainLn4-5,True
578,optimization,flt_1phg_shc,MainLn4-5,True
579,optimization,flt_1phg_shc,MainLn5-6,True
580,optimization,flt_1phg_shc,MainLn5-6,True
581,optimization,flt_1phg_shc,MainLn5-6,True
582,optimization,flt_1phg_shc,MainLn5-6,True
583,optimization,flt_1phg_shc,MainLn5-6,True
584,monitoring,flt_1phg_shc,MainLn6-7,True
585,optimization,flt_1phg_shc,MainLn6-7,True
586,optimization,flt_1phg_shc,MainLn6-7,True
587,optimization,flt_1phg_shc,MainLn6-7,True
588,optimization,flt_1phg_shc,MainLn6-7,True
589,optimization,flt_1phg_shc,MainLn7-8,True
590,optimization,flt_1phg_shc,MainLn7-8,True
591,optimization,flt_1phg_shc,MainLn7-8,True
592,optimization,flt_1phg_shc,MainLn7-8,True
593,monitoring,flt_1phg_shc,MainLn7-8,True
594,optimization,flt_1phg_shc,MainLn8-14,True
595,optimization,flt_1phg_shc,MainLn8-14,True
596,optimization,flt_1phg_shc,MainLn8-14,True
597,optimization,flt_1phg_shc,MainLn8-14,True
598,evaluation,flt_1phg_shc,MainLn8-14,True
599,optimization,flt_1phg_shc,MainLn8-9,True
600,optimization,flt_1phg_shc,MainLn8-9,True
601,optimization,flt_1phg_shc,MainLn8-9,True
602,optimization,flt_1phg_shc,MainLn8-9,True
603,optimization,flt_1phg_shc,MainLn8-9,True
604,optimization,flt_1phg_shc,MainLn9-10,True
605,monitoring,flt_1phg_shc,MainLn9-10,True
606,optimization,flt_1phg_shc,MainLn9-10,True
607,optimization,flt_1phg_shc,MainLn9-10,True
608,optimization,flt_1phg_shc,MainLn9-10,True
609,optimization,flt_1phg_shc,MainBus1,True
610,optimization,flt_1phg_shc,MainBus10,True
611,optimization,flt_1phg_shc,MainBus11,True
612,optimization,flt_1phg_shc,MainBus12,True
613,optimization,flt_1phg_shc,MainBus13,True
614,optimization,flt_1phg_shc,MainBus14,True
615,optimization,flt_1phg_shc,MainBus2,True
616,monitoring,flt_1phg_shc,MainBus3,True
617,optimization,flt_1phg_shc,MainBus4,True
618,optimization,flt_1phg_shc,MainBus5,True
619,optimization,flt_1phg_shc,MainBus6,True
620,optimization,flt_1phg_shc,MainBus7,True
621,optimization,flt_1phg_shc,MainBus8,True
622,optimization,flt_1phg_shc,MainBus9,True
623,optimization,flt_1phg_shc,MainLn1-2,True
624,optimization,flt_1phg_shc,MainLn1-2,True
625,evaluation,flt_1phg_shc,MainLn1-2,True
626,evaluation,flt_1phg_shc,MainLn1-2,True
627,optimization,flt_1phg_shc,MainLn1-2,True
628,optimization,flt_1phg_shc,MainLn10-11,True
629,optimization,flt_1phg_shc,MainLn10-11,True
630,optimization,flt_1phg_shc,MainLn10-11,True
631,monitoring,flt_1phg_shc,MainLn10-11,True
632,optimization,flt_1phg_shc,MainLn10-11,True
633,optimization,flt_1phg_shc,MainLn12-13,True
634,optimization,flt_1phg_shc,MainLn12-13,True
635,optimization,flt_1phg_shc,MainLn12-13,True
636,optimization,flt_1phg_shc,MainLn12-13,True
637,optimization,flt_1phg_shc,MainLn12-13,True
638,optimization,flt_1phg_shc,MainLn13-14,True
639,optimization,flt_1phg_shc,MainLn13-14,True
640,monitoring,flt_1phg_shc,MainLn13-14,True
641,optimization,flt_1phg_shc,MainLn13-14,True
642,evaluation,flt_1phg_shc,MainLn13-14,True
643,optimization,flt_1phg_shc,MainLn2-3,True
644,optimization,flt_1phg_shc,MainLn2-3,True
645,optimization,flt_1phg_shc,MainLn2-3,True
646,optimization,flt_1phg_shc,MainLn2-3,True
647,optimization,flt_1phg_shc,MainLn2-3,True
648,optimization,flt_1phg_shc,MainLn3-4,True
649,optimization,flt_1phg_shc,MainLn3-4,True
650,optimization,flt_1phg_shc,MainLn3-4,True
651,optimization,flt_1phg_shc,MainLn3-4,True
652,optimization,flt_1phg_shc,MainLn3-4,True
653,optimization,flt_1phg_shc,MainLn3-8,True
654,optimization,flt_1phg_shc,MainLn3-8,True
655,evaluation,flt_1phg_shc,MainLn3-8,True
656,optimization,flt_1phg_shc,MainLn3-8,True
657,optimization,flt_1phg_shc,MainLn3-8,True
658,optimization,flt_1phg_shc,MainLn4-11,True
659,optimization,flt_1phg_shc,MainLn4-11,True
660,optimization,flt_1phg_shc,MainLn4-11,True
661,optimization,flt_1phg_shc,MainLn4-11,True
662,optimization,flt_1phg_shc,MainLn4-11,True
663,optimization,flt_1phg_shc,MainLn4-5,True
664,optimization,flt_1phg_shc,MainLn4-5,True
665,monitoring,flt_1phg_shc,MainLn4-5,True
666,optimization,flt_1phg_shc,MainLn4-5,True
667,optimization,flt_1phg_shc,MainLn4-5,True
668,optimization,flt_1phg_shc,MainLn5-6,True
669,optimization,flt_1phg_shc,MainLn5-6,True
670,evaluation,flt_1phg_shc,MainLn5-6,True
671,optimization,flt_1phg_shc,MainLn5-6,True
672,optimization,flt_1phg_shc,MainLn5-6,True
673,optimization,flt_1phg_shc,MainLn6-7,True
674,optimization,flt_1phg_shc,MainLn6-7,True
675,optimization,flt_1phg_shc,MainLn6-7,True
676,optimization,flt_1phg_shc,MainLn6-7,True
677,evaluation,flt_1phg_shc,MainLn6-7,True
678,optimization,flt_1phg_shc,MainLn7-8,True
679,optimization,flt_1phg_shc,MainLn7-8,True
680,optimization,flt_1phg_shc,MainLn7-8,True
681,optimization,flt_1phg_shc,MainLn7-8,True
682,optimization,flt_1phg_shc,MainLn7-8,True
683,evaluation,flt_1phg_shc,MainLn8-14,True
684,optimization,flt_1phg_shc,MainLn8-14,True
685,optimization,flt_1phg_shc,MainLn8-14,True
686,optimization,flt_1phg_shc,MainLn8-14,True
687,optimization,flt_1phg_shc,MainLn8-14,True
688,monitoring,flt_1phg_shc,MainLn8-9,True
689,optimization,flt_1phg_shc,MainLn8-9,True
690,optimization,flt_1phg_shc,MainLn8-9,True
691,evaluation,flt_1phg_shc,MainLn8-9,True
692,optimization,flt_1phg_shc,MainLn8-9,True
693,optimization,flt_1phg_shc,MainLn9-10,True
694,optimization,flt_1phg_shc,MainLn9-10,True
695,monitoring,flt_1phg_shc,MainLn9-10,True
696,optimization,flt_1phg_shc,MainLn9-10,True
697,optimization,flt_1phg_shc,MainLn9-10,True
698,optimization,flt_1phg_shc,MainBus1,True
699,optimization,flt_1phg_shc,MainBus10,True
700,optimization,flt_1phg_shc,MainBus11,True
701,optimization,flt_1phg_shc,MainBus12,True
702,optimization,flt_1phg_shc,MainBus13,True
703,optimization,flt_1phg_shc,MainBus14,True
704,optimization,flt_1phg_shc,MainBus2,True
705,monitoring,flt_1phg_shc,MainBus3,True
706,optimization,flt_1phg_shc,MainBus4,True
707,optimization,flt_1phg_shc,MainBus5,True
708,optimization,flt_1phg_shc,MainBus6,True
709,monitoring,flt_1phg_shc,MainBus7,True
710,optimization,flt_1phg_shc,MainBus8,True
711,optimization,flt_1phg_shc,MainBus9,True
712,optimization,flt_1phg_shc,MainLn1-2,True
713,optimization,flt_1phg_shc,MainLn1-2,True
714,optimization,flt_1phg_shc,MainLn1-2,True
715,optimization,flt_1phg_shc,MainLn1-2,True
716,optimization,flt_1phg_shc,MainLn1-2,True
717,optimization,flt_1phg_shc,MainLn10-11,True
718,optimization,flt_1phg_shc,MainLn10-11,True
719,optimization,flt_1phg_shc,MainLn10-11,True
720,optimization,flt_1phg_shc,MainLn10-11,True
721,optimization,flt_1phg_shc,MainLn10-11,True
722,optimization,flt_1phg_shc,MainLn12-13,True
723,optimization,flt_1phg_shc,MainLn12-13,True
724,optimization,flt_1phg_shc,MainLn12-13,True
725,optimization,flt_1phg_shc,MainLn12-13,True
726,optimization,flt_1phg_shc,MainLn12-13,True
727,optimization,flt_1phg_shc,MainLn13-14,True
728,optimization,flt_1phg_shc,MainLn13-14,True
729,optimization,flt_1phg_shc,MainLn13-14,True
730,optimization,flt_1phg_shc,MainLn13-14,True
731,optimization,flt_1phg_shc,MainLn13-14,True
732,monitoring,flt_1phg_shc,MainLn2-3,True
733,optimization,flt_1phg_shc,MainLn2-3,True
734,optimization,flt_1phg_shc,MainLn2-3,True
735,optimization,flt_1phg_shc,MainLn2-3,True
736,optimization,flt_1phg_shc,MainLn2-3,True
737,optimization,flt_1phg_shc,MainLn3-4,True
738,monitoring,flt_1phg_shc,MainLn3-4,True
739,monitoring,flt_1phg_shc,MainLn3-4,True
740,optimization,flt_1phg_shc,MainLn3-4,True
741,optimization,flt_1phg_shc,MainLn3-4,True
742,optimization,flt_1phg_shc,MainLn3-8,True
743,monitoring,flt_1phg_shc,MainLn3-8,True
744,optimization,flt_1phg_shc,MainLn3-8,True
745,monitoring,flt_1phg_shc,MainLn3-8,True
746,optimization,flt_1phg_shc,MainLn3-8,True
747,optimization,flt_1phg_shc,MainLn4-11,True
748,optimization,flt_1phg_shc,MainLn4-11,True
749,optimization,flt_1phg_shc,MainLn4-11,True
750,optimization,flt_1phg_shc,MainLn4-11,True
751,optimization,flt_1phg_shc,MainLn4-11,True
752,optimization,flt_1phg_shc,MainLn4-5,True
753,optimization,flt_1phg_shc,MainLn4-5,True
754,optimization,flt_1phg_shc,MainLn4-5,True
755,optimization,flt_1phg_shc,MainLn4-5,True
756,optimization,flt_1phg_shc,MainLn4-5,True
757,monitoring,flt_1phg_shc,MainLn5-6,True
758,optimization,flt_1phg_shc,MainLn5-6,True
759,optimization,flt_1phg_shc,MainLn5-6,True
760,optimization,flt_1phg_shc,MainLn5-6,True
761,optimization,flt_1phg_shc,MainLn5-6,True
762,optimization,flt_1phg_shc,MainLn6-7,True
763,optimization,flt_1phg_shc,MainLn6-7,True
764,evaluation,flt_1phg_shc,MainLn6-7,True
765,optimization,flt_1phg_shc,MainLn6-7,True
766,optimization,flt_1phg_shc,MainLn6-7,True
767,optimization,flt_1phg_shc,MainLn7-8,True
768,optimization,flt_1phg_shc,MainLn7-8,True
769,optimization,flt_1phg_shc,MainLn7-8,True
770,optimization,flt_1phg_shc,MainLn7-8,True
771,optimization,flt_1phg_shc,MainLn7-8,True
772,optimization,flt_1phg_shc,MainLn8-14,True
773,optimization,flt_1phg_shc,MainLn8-14,True
774,optimization,flt_1phg_shc,MainLn8-14,True
775,optimization,flt_1phg_shc,MainLn8-14,True
776,optimization,flt_1phg_shc,MainLn8-14,True
777,optimization,flt_1phg_shc,MainLn8-9,True
778,optimization,flt_1phg_shc,MainLn8-9,True
779,optimization,flt_1phg_shc,MainLn8-9,True
780,optimization,flt_1phg_shc,MainLn8-9,True
781,optimization,flt_1phg_shc,MainLn8-9,True
782,optimization,flt_1phg_shc,MainLn9-10,True
783,optimization,flt_1phg_shc,MainLn9-10,True
784,optimization,flt_1phg_shc,MainLn9-10,True
785,optimization,flt_1phg_shc,MainLn9-10,True
786,optimization,flt_1phg_shc,MainLn9-10,True
787,evaluation,flt_1phg_shc,MainBus1,True
788,optimization,flt_1phg_shc,MainBus10,True
789,optimization,flt_1phg_shc,MainBus11,True
790,optimization,flt_1phg_shc,MainBus12,True
791,optimization,flt_1phg_shc,MainBus13,True
792,optimization,flt_1phg_shc,MainBus14,True
793,optimization,flt_1phg_shc,MainBus2,True
794,optimization,flt_1phg_shc,MainBus3,True
795,optimization,flt_1phg_shc,MainBus4,True
796,optimization,flt_1phg_shc,MainBus5,True
797,optimization,flt_1phg_shc,MainBus6,True
798,monitoring,flt_1phg_shc,MainBus7,True
799,optimization,flt_1phg_shc,MainBus8,True
800,monitoring,flt_1phg_shc,MainBus9,True
801,optimization,flt_1phg_shc_w_arc,MainLn1-2,True
802,optimization,flt_1phg_shc_w_arc,MainLn1-2,True
803,optimization,flt_1phg_shc_w_arc,MainLn1-2,True
804,optimization,flt_1phg_shc_w_arc,MainLn1-2,True
805,optimization,flt_1phg_shc_w_arc,MainLn1-2,True
806,optimization,flt_1phg_shc_w_arc,MainLn10-11,True
807,evaluation,flt_1phg_shc_w_arc,MainLn10-11,True
808,optimization,flt_1phg_shc_w_arc,MainLn10-11,True
809,optimization,flt_1phg_shc_w_arc,MainLn10-11,True
810,monitoring,flt_1phg_shc_w_arc,MainLn10-11,True
811,optimization,flt_1phg_shc_w_arc,MainLn12-13,True
812,monitoring,flt_1phg_shc_w_arc,MainLn12-13,True
813,optimization,flt_1phg_shc_w_arc,MainLn12-13,True
814,optimization,flt_1phg_shc_w_arc,MainLn12-13,True
815,optimization,flt_1phg_shc_w_arc,MainLn12-13,True
816,optimization,flt_1phg_shc_w_arc,MainLn13-14,True
817,optimization,flt_1phg_shc_w_arc,MainLn13-14,True
818,optimization,flt_1phg_shc_w_arc,MainLn13-14,True
819,optimization,flt_1phg_shc_w_arc,MainLn13-14,True
820,optimization,flt_1phg_shc_w_arc,MainLn13-14,True
821,optimization,flt_1phg_shc_w_arc,MainLn2-3,True
822,monitoring,flt_1phg_shc_w_arc,MainLn2-3,True
823,monitoring,flt_1phg_shc_w_arc,MainLn2-3,True
824,optimization,flt_1phg_shc_w_arc,MainLn2-3,True
825,optimization,flt_1phg_shc_w_arc,MainLn2-3,True
826,optimization,flt_1phg_shc_w_arc,MainLn3-4,True
827,optimization,flt_1phg_shc_w_arc,MainLn3-4,True
828,optimization,flt_1phg_shc_w_arc,MainLn3-4,True
829,optimization,flt_1phg_shc_w_arc,MainLn3-4,True
830,optimization,flt_1phg_shc_w_arc,MainLn3-4,True
831,optimization,flt_1phg_shc_w_arc,MainLn3-8,True
832,optimization,flt_1phg_shc_w_arc,MainLn3-8,True
833,evaluation,flt_1phg_shc_w_arc,MainLn3-8,True
834,optimization,flt_1phg_shc_w_arc,MainLn3-8,True
835,optimization,flt_1phg_shc_w_arc,MainLn3-8,True
836,optimization,flt_1phg_shc_w_arc,MainLn4-11,True
837,optimization,flt_1phg_shc_w_arc,MainLn4-11,True
838,evaluation,flt_1phg_shc_w_arc,MainLn4-11,True
839,optimization,flt_1phg_shc_w_arc,MainLn4-11,True
840,optimization,flt_1phg_shc_w_arc,MainLn4-11,True
841,optimization,flt_1phg_shc_w_arc,MainLn4-5,True
842,evaluation,flt_1phg_shc_w_arc,MainLn4-5,True
843,optimization,flt_1phg_shc_w_arc,MainLn4-5,True
844,optimization,flt_1phg_shc_w_arc,MainLn4-5,True
845,optimization,flt_1phg_shc_w_arc,MainLn4-5,True
846,optimization,flt_1phg_shc_w_arc,MainLn5-6,True
847,optimization,flt_1phg_shc_w_arc,MainLn5-6,True
848,optimization,flt_1phg_shc_w_arc,MainLn5-6,True
849,optimization,flt_1phg_shc_w_arc,MainLn5-6,True
850,optimization,flt_1phg_shc_w_arc,MainLn5-6,True
851,optimization,flt_1phg_shc_w_arc,MainLn6-7,True
852,optimization,flt_1phg_shc_w_arc,MainLn6-7,True
853,optimization,flt_1phg_shc_w_arc,MainLn6-7,True
854,optimization,flt_1phg_shc_w_arc,MainLn6-7,True
855,monitoring,flt_1phg_shc_w_arc,MainLn6-7,True
856,evaluation,flt_1phg_shc_w_arc,MainLn7-8,True
857,optimization,flt_1phg_shc_w_arc,MainLn7-8,True
858,optimization,flt_1phg_shc_w_arc,MainLn7-8,True
859,optimization,flt_1phg_shc_w_arc,MainLn7-8,True
860,optimization,flt_1phg_shc_w_arc,MainLn7-8,True
861,optimization,flt_1phg_shc_w_arc,MainLn8-14,True
862,optimization,flt_1phg_shc_w_arc,MainLn8-14,True
863,optimization,flt_1phg_shc_w_arc,MainLn8-14,True
864,optimization,flt_1phg_shc_w_arc,MainLn8-14,True
865,optimization,flt_1phg_shc_w_arc,MainLn8-14,True
866,optimization,flt_1phg_shc_w_arc,MainLn8-9,True
867,monitoring,flt_1phg_shc_w_arc,MainLn8-9,True
868,optimization,flt_1phg_shc_w_arc,MainLn8-9,True
869,optimization,flt_1phg_shc_w_arc,MainLn8-9,True
870,optimization,flt_1phg_shc_w_arc,MainLn8-9,True
871,monitoring,flt_1phg_shc_w_arc,MainLn9-10,True
872,optimization,flt_1phg_shc_w_arc,MainLn9-10,True
873,optimization,flt_1phg_shc_w_arc,MainLn9-10,True
874,optimization,flt_1phg_shc_w_arc,MainLn9-10,True
875,optimization,flt_1phg_shc_w_arc,MainLn9-10,True
876,optimization,flt_1phg_shc_w_arc,MainBus1,True
877,optimization,flt_1phg_shc_w_arc,MainBus10,True
878,optimization,flt_1phg_shc_w_arc,MainBus11,True
879,optimization,flt_1phg_shc_w_arc,MainBus12,True
880,monitoring,flt_1phg_shc_w_arc,MainBus13,True
881,optimization,flt_1phg_shc_w_arc,MainBus14,True
882,optimization,flt_1phg_shc_w_arc,MainBus2,True
883,optimization,flt_1phg_shc_w_arc,MainBus3,True
884,optimization,flt_1phg_shc_w_arc,MainBus4,True
885,optimization,flt_1phg_shc_w_arc,MainBus5,True
886,monitoring,flt_1phg_shc_w_arc,MainBus6,True
887,optimization,flt_1phg_shc_w_arc,MainBus7,True
888,optimization,flt_1phg_shc_w_arc,MainBus8,True
889,optimization,flt_1phg_shc_w_arc,MainBus9,True
890,optimization,flt_1phg_shc_w_arc,MainLn1-2,True
891,monitoring,flt_1phg_shc_w_arc,MainLn1-2,True
892,optimization,flt_1phg_shc_w_arc,MainLn1-2,True
893,optimization,flt_1phg_shc_w_arc,MainLn1-2,True
894,optimization,flt_1phg_shc_w_arc,MainLn1-2,True
895,optimization,flt_1phg_shc_w_arc,MainLn10-11,True
896,evaluation,flt_1phg_shc_w_arc,MainLn10-11,True
897,optimization,flt_1phg_shc_w_arc,MainLn10-11,True
898,optimization,flt_1phg_shc_w_arc,MainLn10-11,True
899,monitoring,flt_1phg_shc_w_arc,MainLn10-11,True
900,optimization,flt_1phg_shc_w_arc,MainLn12-13,True
901,optimization,flt_1phg_shc_w_arc,MainLn12-13,True
902,optimization,flt_1phg_shc_w_arc,MainLn12-13,True
903,optimization,flt_1phg_shc_w_arc,MainLn12-13,True
904,optimization,flt_1phg_shc_w_arc,MainLn12-13,True
905,optimization,flt_1phg_shc_w_arc,MainLn13-14,True
906,optimization,flt_1phg_shc_w_arc,MainLn13-14,True
907,optimization,flt_1phg_shc_w_arc,MainLn13-14,True
908,optimization,flt_1phg_shc_w_arc,MainLn13-14,True
909,optimization,flt_1phg_shc_w_arc,MainLn13-14,True
910,monitoring,flt_1phg_shc_w_arc,MainLn2-3,True
911,optimization,flt_1phg_shc_w_arc,MainLn2-3,True
912,optimization,flt_1phg_shc_w_arc,MainLn2-3,True
913,optimization,flt_1phg_shc_w_arc,MainLn2-3,True
914,optimization,flt_1phg_shc_w_arc,MainLn2-3,True
915,optimization,flt_1phg_shc_w_arc,MainLn3-4,True
916,monitoring,flt_1phg_shc_w_arc,MainLn3-4,True
917,optimization,flt_1phg_shc_w_arc,MainLn3-4,True
918,optimization,flt_1phg_shc_w_arc,MainLn3-4,True
919,optimization,flt_1phg_shc_w_arc,MainLn3-4,True
920,optimization,flt_1phg_shc_w_arc,MainLn3-8,True
921,optimization,flt_1phg_shc_w_arc,MainLn3-8,True
922,optimization,flt_1phg_shc_w_arc,MainLn3-8,True
923,optimization,flt_1phg_shc_w_arc,MainLn3-8,True
924,optimization,flt_1phg_shc_w_arc,MainLn3-8,True
925,optimization,flt_1phg_shc_w_arc,MainLn4-11,True
926,optimization,flt_1phg_shc_w_arc,MainLn4-11,True
927,optimization,flt_1phg_shc_w_arc,MainLn4-11,True
928,optimization,flt_1phg_shc_w_arc,MainLn4-11,True
929,optimization,flt_1phg_shc_w_arc,MainLn4-11,True
930,optimization,flt_1phg_shc_w_arc,MainLn4-5,True
931,optimization,flt_1phg_shc_w_arc,MainLn4-5,True
932,optimization,flt_1phg_shc_w_arc,MainLn4-5,True
933,optimization,flt_1phg_shc_w_arc,MainLn4-5,True
934,optimization,flt_1phg_shc_w_arc,MainLn4-5,True
935,optimization,flt_1phg_shc_w_arc,MainLn5-6,True
936,optimization,flt_1phg_shc_w_arc,MainLn5-6,True
937,optimization,flt_1phg_shc_w_arc,MainLn5-6,True
938,optimization,flt_1phg_shc_w_arc,MainLn5-6,True
939,optimization,flt_1phg_shc_w_arc,MainLn5-6,True
940,optimization,flt_1phg_shc_w_arc,MainLn6-7,True
941,optimization,flt_1phg_shc_w_arc,MainLn6-7,True
942,optimization,flt_1phg_shc_w_arc,MainLn6-7,True
943,optimization,flt_1phg_shc_w_arc,MainLn6-7,True
944,evaluation,flt_1phg_shc_w_arc,MainLn6-7,True
945,optimization,flt_1phg_shc_w_arc,MainLn7-8,True
946,optimization,flt_1phg_shc_w_arc,MainLn7-8,True
947,optimization,flt_1phg_shc_w_arc,MainLn7-8,True
948,monitoring,flt_1phg_shc_w_arc,MainLn7-8,True
949,optimization,flt_1phg_shc_w_arc,MainLn7-8,True
950,optimization,flt_1phg_shc_w_arc,MainLn8-14,True
951,optimization,flt_1phg_shc_w_arc,MainLn8-14,True
952,optimization,flt_1phg_shc_w_arc,MainLn8-14,True
953,monitoring,flt_1phg_shc_w_arc,MainLn8-14,True
954,optimization,flt_1phg_shc_w_arc,MainLn8-14,True
955,optimization,flt_1phg_shc_w_arc,MainLn8-9,True
956,optimization,flt_1phg_shc_w_arc,MainLn8-9,True
957,optimization,flt_1phg_shc_w_arc,MainLn8-9,True
958,optimization,flt_1phg_shc_w_arc,MainLn8-9,True
959,optimization,flt_1phg_shc_w_arc,MainLn8-9,True
960,evaluation,flt_1phg_shc_w_arc,MainLn9-10,True
961,optimization,flt_1phg_shc_w_arc,MainLn9-10,True
962,optimization,flt_1phg_shc_w_arc,MainLn9-10,True
963,optimization,flt_1phg_shc_w_arc,MainLn9-10,True
964,monitoring,flt_1phg_shc_w_arc,MainLn9-10,True
965,optimization,flt_1phg_shc_w_arc,MainBus1,True
966,optimization,flt_1phg_shc_w_arc,MainBus10,True
967,optimization,flt_1phg_shc_w_arc,MainBus11,True
968,optimization,flt_1phg_shc_w_arc,MainBus12,True
969,monitoring,flt_1phg_shc_w_arc,MainBus13,True
970,optimization,flt_1phg_shc_w_arc,MainBus14,True
971,optimization,flt_1phg_shc_w_arc,MainBus2,True
972,optimization,flt_1phg_shc_w_arc,MainBus3,True
973,optimization,flt_1phg_shc_w_arc,MainBus4,True
974,optimization,flt_1phg_shc_w_arc,MainBus5,True
975,optimization,flt_1phg_shc_w_arc,MainBus6,True
976,optimization,flt_1phg_shc_w_arc,MainBus7,True
977,optimization,flt_1phg_shc_w_arc,MainBus8,True
978,optimization,flt_1phg_shc_w_arc,MainBus9,True
979,optimization,flt_1phg_shc_w_arc,MainLn1-2,True
980,optimization,flt_1phg_shc_w_arc,MainLn1-2,True
981,optimization,flt_1phg_shc_w_arc,MainLn1-2,True
982,optimization,flt_1phg_shc_w_arc,MainLn1-2,True
983,optimization,flt_1phg_shc_w_arc,MainLn1-2,True
984,optimization,flt_1phg_shc_w_arc,MainLn10-11,True
985,optimization,flt_1phg_shc_w_arc,MainLn10-11,True
986,optimization,flt_1phg_shc_w_arc,MainLn10-11,True
987,optimization,flt_1phg_shc_w_arc,MainLn10-11,True
988,optimization,flt_1phg_shc_w_arc,MainLn10-11,True
989,optimization,flt_1phg_shc_w_arc,MainLn12-13,True
990,optimization,flt_1phg_shc_w_arc,MainLn12-13,True
991,optimization,flt_1phg_shc_w_arc,MainLn12-13,True
992,optimization,flt_1phg_shc_w_arc,MainLn12-13,True
993,optimization,flt_1phg_shc_w_arc,MainLn12-13,True
994,optimization,flt_1phg_shc_w_arc,MainLn13-14,True
995,optimization,flt_1phg_shc_w_arc,MainLn13-14,True
996,optimization,flt_1phg_shc_w_arc,MainLn13-14,True
997,optimization,flt_1phg_shc_w_arc,MainLn13-14,True
998,optimization,flt_1phg_shc_w_arc,MainLn13-14,True
999,optimization,flt_1phg_shc_w_arc,MainLn2-3,True
1000,optimization,flt_1phg_shc_w_arc,MainLn2-3,True
1001,optimization,flt_1phg_shc_w_arc,MainLn2-3,True
1002,optimization,flt_1phg_shc_w_arc,MainLn2-3,True
1003,optimization,flt_1phg_shc_w_arc,MainLn2-3,True
1004,monitoring,flt_1phg_shc_w_arc,MainLn3-4,True
1005,optimization,flt_1phg_shc_w_arc,MainLn3-4,True
1006,optimization,flt_1phg_shc_w_arc,MainLn3-4,True
1007,optimization,flt_1phg_shc_w_arc,MainLn3-4,True
1008,optimization,flt_1phg_shc_w_arc,MainLn3-4,True
1009,optimization,flt_1phg_shc_w_arc,MainLn3-8,True
1010,optimization,flt_1phg_shc_w_arc,MainLn3-8,True
1011,optimization,flt_1phg_shc_w_arc,MainLn3-8,True
1012,optimization,flt_1phg_shc_w_arc,MainLn3-8,True
1013,optimization,flt_1phg_shc_w_arc,MainLn3-8,True
1014,optimization,flt_1phg_shc_w_arc,MainLn4-11,True
1015,optimization,flt_1phg_shc_w_arc,MainLn4-11,True
1016,optimization,flt_1phg_shc_w_arc,MainLn4-11,True
1017,optimization,flt_1phg_shc_w_arc,MainLn4-11,True
1018,optimization,flt_1phg_shc_w_arc,MainLn4-11,True
1019,optimization,flt_1phg_shc_w_arc,MainLn4-5,True
1020,optimization,flt_1phg_shc_w_arc,MainLn4-5,True
1021,optimization,flt_1phg_shc_w_arc,MainLn4-5,True
1022,optimization,flt_1phg_shc_w_arc,MainLn4-5,True
1023,optimization,flt_1phg_shc_w_arc,MainLn4-5,True
1024,evaluation,flt_1phg_shc_w_arc,MainLn5-6,True
1025,optimization,flt_1phg_shc_w_arc,MainLn5-6,True
1026,optimization,flt_1phg_shc_w_arc,MainLn5-6,True
1027,optimization,flt_1phg_shc_w_arc,MainLn5-6,True
1028,optimization,flt_1phg_shc_w_arc,MainLn5-6,True
1029,evaluation,flt_1phg_shc_w_arc,MainLn6-7,True
1030,optimization,flt_1phg_shc_w_arc,MainLn6-7,True
1031,optimization,flt_1phg_shc_w_arc,MainLn6-7,True
1032,optimization,flt_1phg_shc_w_arc,MainLn6-7,True
1033,optimization,flt_1phg_shc_w_arc,MainLn6-7,True
1034,optimization,flt_1phg_shc_w_arc,MainLn7-8,True
1035,monitoring,flt_1phg_shc_w_arc,MainLn7-8,True
1036,monitoring,flt_1phg_shc_w_arc,MainLn7-8,True
1037,optimization,flt_1phg_shc_w_arc,MainLn7-8,True
1038,optimization,flt_1phg_shc_w_arc,MainLn7-8,True
1039,optimization,flt_1phg_shc_w_arc,MainLn8-14,True
1040,optimization,flt_1phg_shc_w_arc,MainLn8-14,True
1041,optimization,flt_1phg_shc_w_arc,MainLn8-14,True
1042,optimization,flt_1phg_shc_w_arc,MainLn8-14,True
1043,optimization,flt_1phg_shc_w_arc,MainLn8-14,True
1044,optimization,flt_1phg_shc_w_arc,MainLn8-9,True
1045,optimization,flt_1phg_shc_w_arc,MainLn8-9,True
1046,monitoring,flt_1phg_shc_w_arc,MainLn8-9,True
1047,evaluation,flt_1phg_shc_w_arc,MainLn8-9,True
1048,optimization,flt_1phg_shc_w_arc,MainLn8-9,True
1049,optimization,flt_1phg_shc_w_arc,MainLn9-10,True
1050,optimization,flt_1phg_shc_w_arc,MainLn9-10,True
1051,optimization,flt_1phg_shc_w_arc,MainLn9-10,True
1052,optimization,flt_1phg_shc_w_arc,MainLn9-10,True
1053,monitoring,flt_1phg_shc_w_arc,MainLn9-10,True
1054,optimization,flt_1phg_shc_w_arc,MainBus1,True
1055,optimization,flt_1phg_shc_w_arc,MainBus10,True
1056,optimization,flt_1phg_shc_w_arc,MainBus11,True
1057,evaluation,flt_1phg_shc_w_arc,MainBus12,True
1058,optimization,flt_1phg_shc_w_arc,MainBus13,True
1059,optimization,flt_1phg_shc_w_arc,MainBus14,True
1060,optimization,flt_1phg_shc_w_arc,MainBus2,True
1061,monitoring,flt_1phg_shc_w_arc,MainBus3,True
1062,optimization,flt_1phg_shc_w_arc,MainBus4,True
1063,optimization,flt_1phg_shc_w_arc,MainBus5,True
1064,optimization,flt_1phg_shc_w_arc,MainBus6,True
1065,optimization,flt_1phg_shc_w_arc,MainBus7,True
1066,optimization,flt_1phg_shc_w_arc,MainBus8,True
1067,optimization,flt_1phg_shc_w_arc,MainBus9,True
1068,optimization,flt_1phg_shc_w_arc,MainLn1-2,True
1069,optimization,flt_1phg_shc_w_arc,MainLn1-2,True
1070,optimization,flt_1phg_shc_w_arc,MainLn1-2,True
1071,optimization,flt_1phg_shc_w_arc,MainLn1-2,True
1072,monitoring,flt_1phg_shc_w_arc,MainLn1-2,True
1073,optimization,flt_1phg_shc_w_arc,MainLn10-11,True
1074,evaluation,flt_1phg_shc_w_arc,MainLn10-11,True
1075,optimization,flt_1phg_shc_w_arc,MainLn10-11,True
1076,monitoring,flt_1phg_shc_w_arc,MainLn10-11,True
1077,optimization,flt_1phg_shc_w_arc,MainLn10-11,True
1078,optimization,flt_1phg_shc_w_arc,MainLn12-13,True
1079,optimization,flt_1phg_shc_w_arc,MainLn12-13,True
1080,optimization,flt_1phg_shc_w_arc,MainLn12-13,True
1081,optimization,flt_1phg_shc_w_arc,MainLn12-13,True
1082,optimization,flt_1phg_shc_w_arc,MainLn12-13,True
1083,optimization,flt_1phg_shc_w_arc,MainLn13-14,True
1084,optimization,flt_1phg_shc_w_arc,MainLn13-14,True
1085,optimization,flt_1phg_shc_w_arc,MainLn13-14,True
1086,optimization,flt_1phg_shc_w_arc,MainLn13-14,True
1087,optimization,flt_1phg_shc_w_arc,MainLn13-14,True
1088,monitoring,flt_1phg_shc_w_arc,MainLn2-3,True
1089,optimization,flt_1phg_shc_w_arc,MainLn2-3,True
1090,optimization,flt_1phg_shc_w_arc,MainLn2-3,True
1091,optimization,flt_1phg_shc_w_arc,MainLn2-3,True
1092,optimization,flt_1phg_shc_w_arc,MainLn2-3,True
1093,optimization,flt_1phg_shc_w_arc,MainLn3-4,True
1094,optimization,flt_1phg_shc_w_arc,MainLn3-4,True
1095,optimization,flt_1phg_shc_w_arc,MainLn3-4,True
1096,optimization,flt_1phg_shc_w_arc,MainLn3-4,True
1097,optimization,flt_1phg_shc_w_arc,MainLn3-4,True
1098,optimization,flt_1phg_shc_w_arc,MainLn3-8,True
1099,monitoring,flt_1phg_shc_w_arc,MainLn3-8,True
1100,monitoring,flt_1phg_shc_w_arc,MainLn3-8,True
1101,optimization,flt_1phg_shc_w_arc,MainLn3-8,True
1102,optimization,flt_1phg_shc_w_arc,MainLn3-8,True
1103,optimization,flt_1phg_shc_w_arc,MainLn4-11,True
1104,optimization,flt_1phg_shc_w_arc,MainLn4-11,True
1105,optimization,flt_1phg_shc_w_arc,MainLn4-11,True
1106,optimization,flt_1phg_shc_w_arc,MainLn4-11,True
1107,optimization,flt_1phg_shc_w_arc,MainLn4-11,True
1108,optimization,flt_1phg_shc_w_arc,MainLn4-5,True
1109,optimization,flt_1phg_shc_w_arc,MainLn4-5,True
1110,optimization,flt_1phg_shc_w_arc,MainLn4-5,True
1111,optimization,flt_1phg_shc_w_arc,MainLn4-5,True
1112,optimization,flt_1phg_shc_w_arc,MainLn4-5,True
1113,optimization,flt_1phg_shc_w_arc,MainLn5-6,True
1114,optimization,flt_1phg_shc_w_arc,MainLn5-6,True
1115,evaluation,flt_1phg_shc_w_arc,MainLn5-6,True
1116,optimization,flt_1phg_shc_w_arc,MainLn5-6,True
1117,optimization,flt_1phg_shc_w_arc,MainLn5-6,True
1118,optimization,flt_1phg_shc_w_arc,MainLn6-7,True
1119,optimization,flt_1phg_shc_w_arc,MainLn6-7,True
1120,optimization,flt_1phg_shc_w_arc,MainLn6-7,True
1121,optimization,flt_1phg_shc_w_arc,MainLn6-7,True
1122,optimization,flt_1phg_shc_w_arc,MainLn6-7,True
1123,monitoring,flt_1phg_shc_w_arc,MainLn7-8,True
1124,optimization,flt_1phg_shc_w_arc,MainLn7-8,True
1125,optimization,flt_1phg_shc_w_arc,MainLn7-8,True
1126,evaluation,flt_1phg_shc_w_arc,MainLn7-8,True
1127,monitoring,flt_1phg_shc_w_arc,MainLn7-8,True
1128,evaluation,flt_1phg_shc_w_arc,MainLn8-14,True
1129,evaluation,flt_1phg_shc_w_arc,MainLn8-14,True
1130,optimization,flt_1phg_shc_w_arc,MainLn8-14,True
1131,optimization,flt_1phg_shc_w_arc,MainLn8-14,True
1132,optimization,flt_1phg_shc_w_arc,MainLn8-14,True
1133,optimization,flt_1phg_shc_w_arc,MainLn8-9,True
1134,optimization,flt_1phg_shc_w_arc,MainLn8-9,True
1135,optimization,flt_1phg_shc_w_arc,MainLn8-9,True
1136,optimization,flt_1phg_shc_w_arc,MainLn8-9,True
1137,optimization,flt_1phg_shc_w_arc,MainLn8-9,True
1138,optimization,flt_1phg_shc_w_arc,MainLn9-10,True
1139,optimization,flt_1phg_shc_w_arc,MainLn9-10,True
1140,optimization,flt_1phg_shc_w_arc,MainLn9-10,True
1141,optimization,flt_1phg_shc_w_arc,MainLn9-10,True
1142,optimization,flt_1phg_shc_w_arc,MainLn9-10,True
1143,optimization,flt_1phg_shc_w_arc,MainBus1,True
1144,optimization,flt_1phg_shc_w_arc,MainBus10,True
1145,optimization,flt_1phg_shc_w_arc,MainBus11,True
1146,optimization,flt_1phg_shc_w_arc,MainBus12,True
1147,optimization,flt_1phg_shc_w_arc,MainBus13,True
1148,optimization,flt_1phg_shc_w_arc,MainBus14,True
1149,optimization,flt_1phg_shc_w_arc,MainBus2,True
1150,optimization,flt_1phg_shc_w_arc,MainBus3,True
1151,optimization,flt_1phg_shc_w_arc,MainBus4,True
1152,optimization,flt_1phg_shc_w_arc,MainBus5,True
1153,optimization,flt_1phg_shc_w_arc,MainBus6,True
1154,optimization,flt_1phg_shc_w_arc,MainBus7,True
1155,monitoring,flt_1phg_shc_w_arc,MainBus8,True
1156,optimization,flt_1phg_shc_w_arc,MainBus9,True
1157,evaluation,flt_1phg_shc_w_arc,MainLn1-2,True
1158,optimization,flt_1phg_shc_w_arc,MainLn1-2,True
1159,optimization,flt_1phg_shc_w_arc,MainLn1-2,True
1160,optimization,flt_1phg_shc_w_arc,MainLn1-2,True
1161,optimization,flt_1phg_shc_w_arc,MainLn1-2,True
1162,optimization,flt_1phg_shc_w_arc,MainLn10-11,True
1163,optimization,flt_1phg_shc_w_arc,MainLn10-11,True
1164,optimization,flt_1phg_shc_w_arc,MainLn10-11,True
1165,optimization,flt_1phg_shc_w_arc,MainLn10-11,True
1166,optimization,flt_1phg_shc_w_arc,MainLn10-11,True
1167,optimization,flt_1phg_shc_w_arc,MainLn12-13,True
1168,optimization,flt_1phg_shc_w_arc,MainLn12-13,True
1169,optimization,flt_1phg_shc_w_arc,MainLn12-13,True
1170,monitoring,flt_1phg_shc_w_arc,MainLn12-13,True
1171,optimization,flt_1phg_shc_w_arc,MainLn12-13,True
1172,optimization,flt_1phg_shc_w_arc,MainLn13-14,True
1173,optimization,flt_1phg_shc_w_arc,MainLn13-14,True
1174,evaluation,flt_1phg_shc_w_arc,MainLn13-14,True
1175,evaluation,flt_1phg_shc_w_arc,MainLn13-14,True
1176,optimization,flt_1phg_shc_w_arc,MainLn13-14,True
1177,optimization,flt_1phg_shc_w_arc,MainLn2-3,True
1178,optimization,flt_1phg_shc_w_arc,MainLn2-3,True
1179,optimization,flt_1phg_shc_w_arc,MainLn2-3,True
1180,optimization,flt_1phg_shc_w_arc,MainLn2-3,True
1181,optimization,flt_1phg_shc_w_arc,MainLn2-3,True
1182,monitoring,flt_1phg_shc_w_arc,MainLn3-4,True
1183,optimization,flt_1phg_shc_w_arc,MainLn3-4,True
1184,optimization,flt_1phg_shc_w_arc,MainLn3-4,True
1185,optimization,flt_1phg_shc_w_arc,MainLn3-4,True
1186,evaluation,flt_1phg_shc_w_arc,MainLn3-4,True
1187,optimization,flt_1phg_shc_w_arc,MainLn3-8,True
1188,monitoring,flt_1phg_shc_w_arc,MainLn3-8,True
1189,optimization,flt_1phg_shc_w_arc,MainLn3-8,True
1190,optimization,flt_1phg_shc_w_arc,MainLn3-8,True
1191,optimization,flt_1phg_shc_w_arc,MainLn3-8,True
1192,optimization,flt_1phg_shc_w_arc,MainLn4-11,True
1193,optimization,flt_1phg_shc_w_arc,MainLn4-11,True
1194,monitoring,flt_1phg_shc_w_arc,MainLn4-11,True
1195,optimization,flt_1phg_shc_w_arc,MainLn4-11,True
1196,optimization,flt_1phg_shc_w_arc,MainLn4-11,True
1197,optimization,flt_1phg_shc_w_arc,MainLn4-5,True
1198,optimization,flt_1phg_shc_w_arc,MainLn4-5,True
1199,optimization,flt_1phg_shc_w_arc,MainLn4-5,True
1200,evaluation,flt_1phg_shc_w_arc,MainLn4-5,True
1201,optimization,flt_1phg_shc_w_arc,MainLn4-5,True
1202,optimization,flt_1phg_shc_w_arc,MainLn5-6,True
1203,optimization,flt_1phg_shc_w_arc,MainLn5-6,True
1204,evaluation,flt_1phg_shc_w_arc,MainLn5-6,True
1205,optimization,flt_1phg_shc_w_arc,MainLn5-6,True
1206,optimization,flt_1phg_shc_w_arc,MainLn5-6,True
1207,optimization,flt_1phg_shc_w_arc,MainLn6-7,True
1208,optimization,flt_1phg_shc_w_arc,MainLn6-7,True
1209,optimization,flt_1phg_shc_w_arc,MainLn6-7,True
1210,optimization,flt_1phg_shc_w_arc,MainLn6-7,True
1211,optimization,flt_1phg_shc_w_arc,MainLn6-7,True
1212,optimization,flt_1phg_shc_w_arc,MainLn7-8,True
1213,optimization,flt_1phg_shc_w_arc,MainLn7-8,True
1214,optimization,flt_1phg_shc_w_arc,MainLn7-8,True
1215,optimization,flt_1phg_shc_w_arc,MainLn7-8,True
1216,optimization,flt_1phg_shc_w_arc,MainLn7-8,True
1217,monitoring,flt_1phg_shc_w_arc,MainLn8-14,True
1218,optimization,flt_1phg_shc_w_arc,MainLn8-14,True
1219,optimization,flt_1phg_shc_w_arc,MainLn8-14,True
1220,evaluation,flt_1phg_shc_w_arc,MainLn8-14,True
1221,optimization,flt_1phg_shc_w_arc,MainLn8-14,True
1222,evaluation,flt_1phg_shc_w_arc,MainLn8-9,True
1223,optimization,flt_1phg_shc_w_arc,MainLn8-9,True
1224,monitoring,flt_1phg_shc_w_arc,MainLn8-9,True
1225,monitoring,flt_1phg_shc_w_arc,MainLn8-9,True
1226,optimization,flt_1phg_shc_w_arc,MainLn8-9,True
1227,optimization,flt_1phg_shc_w_arc,MainLn9-10,True
1228,optimization,flt_1phg_shc_w_arc,MainLn9-10,True
1229,optimization,flt_1phg_shc_w_arc,MainLn9-10,True
1230,optimization,flt_1phg_shc_w_arc,MainLn9-10,True
1231,optimization,flt_1phg_shc_w_arc,MainLn9-10,True
1232,optimization,flt_1phg_shc_w_arc,MainBus1,True
1233,monitoring,flt_1phg_shc_w_arc,MainBus10,True
1234,optimization,flt_1phg_shc_w_arc,MainBus11,True
1235,evaluation,flt_1phg_shc_w_arc,MainBus12,True
1236,optimization,flt_1phg_shc_w_arc,MainBus13,True
1237,optimization,flt_1phg_shc_w_arc,MainBus14,True
1238,optimization,flt_1phg_shc_w_arc,MainBus2,True
1239,optimization,flt_1phg_shc_w_arc,MainBus3,True
1240,optimization,flt_1phg_shc_w_arc,MainBus4,True
1241,optimization,flt_1phg_shc_w_arc,MainBus5,True
1242,optimization,flt_1phg_shc_w_arc,MainBus6,True
1243,optimization,flt_1phg_shc_w_arc,MainBus7,True
1244,optimization,flt_1phg_shc_w_arc,MainBus8,True
1245,monitoring,flt_1phg_shc_w_arc,MainBus9,True
1246,optimization,flt_1phg_shc_w_arc,MainLn1-2,True
1247,optimization,flt_1phg_shc_w_arc,MainLn1-2,True
1248,optimization,flt_1phg_shc_w_arc,MainLn1-2,True
1249,optimization,flt_1phg_shc_w_arc,MainLn1-2,True
1250,optimization,flt_1phg_shc_w_arc,MainLn1-2,True
1251,optimization,flt_1phg_shc_w_arc,MainLn10-11,True
1252,optimization,flt_1phg_shc_w_arc,MainLn10-11,True
1253,optimization,flt_1phg_shc_w_arc,MainLn10-11,True
1254,optimization,flt_1phg_shc_w_arc,MainLn10-11,True
1255,optimization,flt_1phg_shc_w_arc,MainLn10-11,True
1256,optimization,flt_1phg_shc_w_arc,MainLn12-13,True
1257,optimization,flt_1phg_shc_w_arc,MainLn12-13,True
1258,optimization,flt_1phg_shc_w_arc,MainLn12-13,True
1259,optimization,flt_1phg_shc_w_arc,MainLn12-13,True
1260,optimization,flt_1phg_shc_w_arc,MainLn12-13,True
1261,optimization,flt_1phg_shc_w_arc,MainLn13-14,True
1262,optimization,flt_1phg_shc_w_arc,MainLn13-14,True
1263,monitoring,flt_1phg_shc_w_arc,MainLn13-14,True
1264,optimization,flt_1phg_shc_w_arc,MainLn13-14,True
1265,optimization,flt_1phg_shc_w_arc,MainLn13-14,True
1266,optimization,flt_1phg_shc_w_arc,MainLn2-3,True
1267,optimization,flt_1phg_shc_w_arc,MainLn2-3,True
1268,optimization,flt_1phg_shc_w_arc,MainLn2-3,True
1269,optimization,flt_1phg_shc_w_arc,MainLn2-3,True
1270,evaluation,flt_1phg_shc_w_arc,MainLn2-3,True
1271,optimization,flt_1phg_shc_w_arc,MainLn3-4,True
1272,monitoring,flt_1phg_shc_w_arc,MainLn3-4,True
1273,optimization,flt_1phg_shc_w_arc,MainLn3-4,True
1274,optimization,flt_1phg_shc_w_arc,MainLn3-4,True
1275,monitoring,flt_1phg_shc_w_arc,MainLn3-4,True
1276,monitoring,flt_1phg_shc_w_arc,MainLn3-8,True
1277,optimization,flt_1phg_shc_w_arc,MainLn3-8,True
1278,optimization,flt_1phg_shc_w_arc,MainLn3-8,True
1279,optimization,flt_1phg_shc_w_arc,MainLn3-8,True
1280,optimization,flt_1phg_shc_w_arc,MainLn3-8,True
1281,optimization,flt_1phg_shc_w_arc,MainLn4-11,True
1282,monitoring,flt_1phg_shc_w_arc,MainLn4-11,True
1283,optimization,flt_1phg_shc_w_arc,MainLn4-11,True
1284,monitoring,flt_1phg_shc_w_arc,MainLn4-11,True
1285,optimization,flt_1phg_shc_w_arc,MainLn4-11,True
1286,optimization,flt_1phg_shc_w_arc,MainLn4-5,True
1287,optimization,flt_1phg_shc_w_arc,MainLn4-5,True
1288,optimization,flt_1phg_shc_w_arc,MainLn4-5,True
1289,evaluation,flt_1phg_shc_w_arc,MainLn4-5,True
1290,monitoring,flt_1phg_shc_w_arc,MainLn4-5,True
1291,optimization,flt_1phg_shc_w_arc,MainLn5-6,True
1292,optimization,flt_1phg_shc_w_arc,MainLn5-6,True
1293,optimization,flt_1phg_shc_w_arc,MainLn5-6,True
1294,optimization,flt_1phg_shc_w_arc,MainLn5-6,True
1295,optimization,flt_1phg_shc_w_arc,MainLn5-6,True
1296,monitoring,flt_1phg_shc_w_arc,MainLn6-7,True
1297,optimization,flt_1phg_shc_w_arc,MainLn6-7,True
1298,optimization,flt_1phg_shc_w_arc,MainLn6-7,True
1299,optimization,flt_1phg_shc_w_arc,MainLn6-7,True
1300,optimization,flt_1phg_shc_w_arc,MainLn6-7,True
1301,optimization,flt_1phg_shc_w_arc,MainLn7-8,True
1302,evaluation,flt_1phg_shc_w_arc,MainLn7-8,True
1303,optimization,flt_1phg_shc_w_arc,MainLn7-8,True
1304,optimization,flt_1phg_shc_w_arc,MainLn7-8,True
1305,optimization,flt_1phg_shc_w_arc,MainLn7-8,True
1306,optimization,flt_1phg_shc_w_arc,MainLn8-14,True
1307,optimization,flt_1phg_shc_w_arc,MainLn8-14,True
1308,optimization,flt_1phg_shc_w_arc,MainLn8-14,True
1309,optimization,flt_1phg_shc_w_arc,MainLn8-14,True
1310,optimization,flt_1phg_shc_w_arc,MainLn8-14,True
1311,optimization,flt_1phg_shc_w_arc,MainLn8-9,True
1312,optimization,flt_1phg_shc_w_arc,MainLn8-9,True
1313,optimization,flt_1phg_shc_w_arc,MainLn8-9,True
1314,optimization,flt_1phg_shc_w_arc,MainLn8-9,True
1315,optimization,flt_1phg_shc_w_arc,MainLn8-9,True
1316,optimization,flt_1phg_shc_w_arc,MainLn9-10,True
1317,optimization,flt_1phg_shc_w_arc,MainLn9-10,True
1318,optimization,flt_1phg_shc_w_arc,MainLn9-10,True
1319,optimization,flt_1phg_shc_w_arc,MainLn9-10,True
1320,monitoring,flt_1phg_shc_w_arc,MainLn9-10,True
1321,optimization,flt_1phg_shc_w_arc,MainBus1,True
1322,evaluation,flt_1phg_shc_w_arc,MainBus10,True
1323,optimization,flt_1phg_shc_w_arc,MainBus11,True
1324,optimization,flt_1phg_shc_w_arc,MainBus12,True
1325,optimization,flt_1phg_shc_w_arc,MainBus13,True
1326,optimization,flt_1phg_shc_w_arc,MainBus14,True
1327,optimization,flt_1phg_shc_w_arc,MainBus2,True
1328,optimization,flt_1phg_shc_w_arc,MainBus3,True
1329,optimization,flt_1phg_shc_w_arc,MainBus4,True
1330,optimization,flt_1phg_shc_w_arc,MainBus5,True
1331,monitoring,flt_1phg_shc_w_arc,MainBus6,True
1332,optimization,flt_1phg_shc_w_arc,MainBus7,True
1333,optimization,flt_1phg_shc_w_arc,MainBus8,True
1334,optimization,flt_1phg_shc_w_arc,MainBus9,True
1335,optimization,flt_1phg_shc_w_arc,MainLn1-2,True
1336,optimization,flt_1phg_shc_w_arc,MainLn1-2,True
1337,monitoring,flt_1phg_shc_w_arc,MainLn1-2,True
1338,optimization,flt_1phg_shc_w_arc,MainLn1-2,True
1339,optimization,flt_1phg_shc_w_arc,MainLn1-2,True
1340,optimization,flt_1phg_shc_w_arc,MainLn10-11,True
1341,optimization,flt_1phg_shc_w_arc,MainLn10-11,True
1342,optimization,flt_1phg_shc_w_arc,MainLn10-11,True
1343,optimization,flt_1phg_shc_w_arc,MainLn10-11,True
1344,optimization,flt_1phg_shc_w_arc,MainLn10-11,True
1345,optimization,flt_1phg_shc_w_arc,MainLn12-13,True
1346,optimization,flt_1phg_shc_w_arc,MainLn12-13,True
1347,optimization,flt_1phg_shc_w_arc,MainLn12-13,True
1348,optimization,flt_1phg_shc_w_arc,MainLn12-13,True
1349,optimization,flt_1phg_shc_w_arc,MainLn12-13,True
1350,monitoring,flt_1phg_shc_w_arc,MainLn13-14,True
1351,optimization,flt_1phg_shc_w_arc,MainLn13-14,True
1352,optimization,flt_1phg_shc_w_arc,MainLn13-14,True
1353,monitoring,flt_1phg_shc_w_arc,MainLn13-14,True
1354,optimization,flt_1phg_shc_w_arc,MainLn13-14,True
1355,optimization,flt_1phg_shc_w_arc,MainLn2-3,True
1356,optimization,flt_1phg_shc_w_arc,MainLn2-3,True
1357,optimization,flt_1phg_shc_w_arc,MainLn2-3,True
1358,optimization,flt_1phg_shc_w_arc,MainLn2-3,True
1359,optimization,flt_1phg_shc_w_arc,MainLn2-3,True
1360,evaluation,flt_1phg_shc_w_arc,MainLn3-4,True
1361,optimization,flt_1phg_shc_w_arc,MainLn3-4,True
1362,optimization,flt_1phg_shc_w_arc,MainLn3-4,True
1363,optimization,flt_1phg_shc_w_arc,MainLn3-4,True
1364,optimization,flt_1phg_shc_w_arc,MainLn3-4,True
1365,optimization,flt_1phg_shc_w_arc,MainLn3-8,True
1366,optimization,flt_1phg_shc_w_arc,MainLn3-8,True
1367,optimization,flt_1phg_shc_w_arc,MainLn3-8,True
1368,monitoring,flt_1phg_shc_w_arc,MainLn3-8,True
1369,optimization,flt_1phg_shc_w_arc,MainLn3-8,True
1370,optimization,flt_1phg_shc_w_arc,MainLn4-11,True
1371,optimization,flt_1phg_shc_w_arc,MainLn4-11,True
1372,optimization,flt_1phg_shc_w_arc,MainLn4-11,True
1373,optimization,flt_1phg_shc_w_arc,MainLn4-11,True
1374,optimization,flt_1phg_shc_w_arc,MainLn4-11,True
1375,optimization,flt_1phg_shc_w_arc,MainLn4-5,True
1376,optimization,flt_1phg_shc_w_arc,MainLn4-5,True
1377,optimization,flt_1phg_shc_w_arc,MainLn4-5,True
1378,monitoring,flt_1phg_shc_w_arc,MainLn4-5,True
1379,optimization,flt_1phg_shc_w_arc,MainLn4-5,True
1380,optimization,flt_1phg_shc_w_arc,MainLn5-6,True
1381,optimization,flt_1phg_shc_w_arc,MainLn5-6,True
1382,monitoring,flt_1phg_shc_w_arc,MainLn5-6,True
1383,optimization,flt_1phg_shc_w_arc,MainLn5-6,True
1384,optimization,flt_1phg_shc_w_arc,MainLn5-6,True
1385,optimization,flt_1phg_shc_w_arc,MainLn6-7,True
1386,optimization,flt_1phg_shc_w_arc,MainLn6-7,True
1387,optimization,flt_1phg_shc_w_arc,MainLn6-7,True
1388,optimization,flt_1phg_shc_w_arc,MainLn6-7,True
1389,optimization,flt_1phg_shc_w_arc,MainLn6-7,True
1390,optimization,flt_1phg_shc_w_arc,MainLn7-8,True
1391,optimization,flt_1phg_shc_w_arc,MainLn7-8,True
1392,optimization,flt_1phg_shc_w_arc,MainLn7-8,True
1393,evaluation,flt_1phg_shc_w_arc,MainLn7-8,True
1394,optimization,flt_1phg_shc_w_arc,MainLn7-8,True
1395,optimization,flt_1phg_shc_w_arc,MainLn8-14,True
1396,optimization,flt_1phg_shc_w_arc,MainLn8-14,True
1397,optimization,flt_1phg_shc_w_arc,MainLn8-14,True
1398,optimization,flt_1phg_shc_w_arc,MainLn8-14,True
1399,optimization,flt_1phg_shc_w_arc,MainLn8-14,True
1400,optimization,flt_1phg_shc_w_arc,MainLn8-9,True
1401,optimization,flt_1phg_shc_w_arc,MainLn8-9,True
1402,optimization,flt_1phg_shc_w_arc,MainLn8-9,True
1403,optimization,flt_1phg_shc_w_arc,MainLn8-9,True
1404,optimization,flt_1phg_shc_w_arc,MainLn8-9,True
1405,optimization,flt_1phg_shc_w_arc,MainLn9-10,True
1406,optimization,flt_1phg_shc_w_arc,MainLn9-10,True
1407,optimization,flt_1phg_shc_w_arc,MainLn9-10,True
1408,optimization,flt_1phg_shc_w_arc,MainLn9-10,True
1409,optimization,flt_1phg_shc_w_arc,MainLn9-10,True
1410,optimization,flt_1phg_shc_w_arc,MainBus1,True
1411,optimization,flt_1phg_shc_w_arc,MainBus10,True
1412,optimization,flt_1phg_shc_w_arc,MainBus11,True
1413,optimization,flt_1phg_shc_w_arc,MainBus12,True
1414,optimization,flt_1phg_shc_w_arc,MainBus13,True
1415,optimization,flt_1phg_shc_w_arc,MainBus14,True
1416,monitoring,flt_1phg_shc_w_arc,MainBus2,True
1417,evaluation,flt_1phg_shc_w_arc,MainBus3,True
1418,optimization,flt_1phg_shc_w_arc,MainBus4,True
1419,evaluation,flt_1phg_shc_w_arc,MainBus5,True
1420,optimization,flt_1phg_shc_w_arc,MainBus6,True
1421,monitoring,flt_1phg_shc_w_arc,MainBus7,True
1422,optimization,flt_1phg_shc_w_arc,MainBus8,True
1423,monitoring,flt_1phg_shc_w_arc,MainBus9,True
1424,optimization,flt_1phg_shc_w_arc,MainLn1-2,True
1425,optimization,flt_1phg_shc_w_arc,MainLn1-2,True
1426,optimization,flt_1phg_shc_w_arc,MainLn1-2,True
1427,optimization,flt_1phg_shc_w_arc,MainLn1-2,True
1428,optimization,flt_1phg_shc_w_arc,MainLn1-2,True
1429,optimization,flt_1phg_shc_w_arc,MainLn10-11,True
1430,optimization,flt_1phg_shc_w_arc,MainLn10-11,True
1431,monitoring,flt_1phg_shc_w_arc,MainLn10-11,True
1432,evaluation,flt_1phg_shc_w_arc,MainLn10-11,True
1433,optimization,flt_1phg_shc_w_arc,MainLn10-11,True
1434,optimization,flt_1phg_shc_w_arc,MainLn12-13,True
1435,optimization,flt_1phg_shc_w_arc,MainLn12-13,True
1436,optimization,flt_1phg_shc_w_arc,MainLn12-13,True
1437,optimization,flt_1phg_shc_w_arc,MainLn12-13,True
1438,optimization,flt_1phg_shc_w_arc,MainLn12-13,True
1439,monitoring,flt_1phg_shc_w_arc,MainLn13-14,True
1440,optimization,flt_1phg_shc_w_arc,MainLn13-14,True
1441,optimization,flt_1phg_shc_w_arc,MainLn13-14,True
1442,monitoring,flt_1phg_shc_w_arc,MainLn13-14,True
1443,optimization,flt_1phg_shc_w_arc,MainLn13-14,True
1444,optimization,flt_1phg_shc_w_arc,MainLn2-3,True
1445,optimization,flt_1phg_shc_w_arc,MainLn2-3,True
1446,optimization,flt_1phg_shc_w_arc,MainLn2-3,True
1447,optimization,flt_1phg_shc_w_arc,MainLn2-3,True
1448,optimization,flt_1phg_shc_w_arc,MainLn2-3,True
1449,optimization,flt_1phg_shc_w_arc,MainLn3-4,True
1450,optimization,flt_1phg_shc_w_arc,MainLn3-4,True
1451,optimization,flt_1phg_shc_w_arc,MainLn3-4,True
1452,optimization,flt_1phg_shc_w_arc,MainLn3-4,True
1453,optimization,flt_1phg_shc_w_arc,MainLn3-4,True
1454,optimization,flt_1phg_shc_w_arc,MainLn3-8,True
1455,optimization,flt_1phg_shc_w_arc,MainLn3-8,True
1456,optimization,flt_1phg_shc_w_arc,MainLn3-8,True
1457,optimization,flt_1phg_shc_w_arc,MainLn3-8,True
1458,optimization,flt_1phg_shc_w_arc,MainLn3-8,True
1459,optimization,flt_1phg_shc_w_arc,MainLn4-11,True
1460,optimization,flt_1phg_shc_w_arc,MainLn4-11,True
1461,monitoring,flt_1phg_shc_w_arc,MainLn4-11,True
1462,optimization,flt_1phg_shc_w_arc,MainLn4-11,True
1463,optimization,flt_1phg_shc_w_arc,MainLn4-11,True
1464,optimization,flt_1phg_shc_w_arc,MainLn4-5,True
1465,optimization,flt_1phg_shc_w_arc,MainLn4-5,True
1466,optimization,flt_1phg_shc_w_arc,MainLn4-5,True
1467,optimization,flt_1phg_shc_w_arc,MainLn4-5,True
1468,optimization,flt_1phg_shc_w_arc,MainLn4-5,True
1469,optimization,flt_1phg_shc_w_arc,MainLn5-6,True
1470,optimization,flt_1phg_shc_w_arc,MainLn5-6,True
1471,optimization,flt_1phg_shc_w_arc,MainLn5-6,True
1472,optimization,flt_1phg_shc_w_arc,MainLn5-6,True
1473,optimization,flt_1phg_shc_w_arc,MainLn5-6,True
1474,optimization,flt_1phg_shc_w_arc,MainLn6-7,True
1475,optimization,flt_1phg_shc_w_arc,MainLn6-7,True
1476,optimization,flt_1phg_shc_w_arc,MainLn6-7,True
1477,monitoring,flt_1phg_shc_w_arc,MainLn6-7,True
1478,optimization,flt_1phg_shc_w_arc,MainLn6-7,True
1479,optimization,flt_1phg_shc_w_arc,MainLn7-8,True
1480,optimization,flt_1phg_shc_w_arc,MainLn7-8,True
1481,optimization,flt_1phg_shc_w_arc,MainLn7-8,True
1482,optimization,flt_1phg_shc_w_arc,MainLn7-8,True
1483,optimization,flt_1phg_shc_w_arc,MainLn7-8,True
1484,optimization,flt_1phg_shc_w_arc,MainLn8-14,True
1485,optimization,flt_1phg_shc_w_arc,MainLn8-14,True
1486,optimization,flt_1phg_shc_w_arc,MainLn8-14,True
1487,optimization,flt_1phg_shc_w_arc,MainLn8-14,True
1488,optimization,flt_1phg_shc_w_arc,MainLn8-14,True
1489,optimization,flt_1phg_shc_w_arc,MainLn8-9,True
1490,optimization,flt_1phg_shc_w_arc,MainLn8-9,True
1491,optimization,flt_1phg_shc_w_arc,MainLn8-9,True
1492,monitoring,flt_1phg_shc_w_arc,MainLn8-9,True
1493,optimization,flt_1phg_shc_w_arc,MainLn8-9,True
1494,optimization,flt_1phg_shc_w_arc,MainLn9-10,True
1495,optimization,flt_1phg_shc_w_arc,MainLn9-10,True
1496,optimization,flt_1phg_shc_w_arc,MainLn9-10,True
1497,optimization,flt_1phg_shc_w_arc,MainLn9-10,True
1498,evaluation,flt_1phg_shc_w_arc,MainLn9-10,True
1499,optimization,flt_1phg_shc_w_arc,MainBus1,True
1500,optimization,flt_1phg_shc_w_arc,MainBus10,True
1501,evaluation,flt_1phg_shc_w_arc,MainBus11,True
1502,optimization,flt_1phg_shc_w_arc,MainBus12,True
1503,optimization,flt_1phg_shc_w_arc,MainBus13,True
1504,monitoring,flt_1phg_shc_w_arc,MainBus14,True
1505,optimization,flt_1phg_shc_w_arc,MainBus2,True
1506,optimization,flt_1phg_shc_w_arc,MainBus3,True
1507,optimization,flt_1phg_shc_w_arc,MainBus4,True
1508,optimization,flt_1phg_shc_w_arc,MainBus5,True
1509,optimization,flt_1phg_shc_w_arc,MainBus6,True
1510,optimization,flt_1phg_shc_w_arc,MainBus7,True
1511,optimization,flt_1phg_shc_w_arc,MainBus8,True
1512,monitoring,flt_1phg_shc_w_arc,MainBus9,True
1513,optimization,flt_1phg_shc_w_arc,MainLn1-2,True
1514,optimization,flt_1phg_shc_w_arc,MainLn1-2,True
1515,optimization,flt_1phg_shc_w_arc,MainLn1-2,True
1516,optimization,flt_1phg_shc_w_arc,MainLn1-2,True
1517,optimization,flt_1phg_shc_w_arc,MainLn1-2,True
1518,optimization,flt_1phg_shc_w_arc,MainLn10-11,True
1519,optimization,flt_1phg_shc_w_arc,MainLn10-11,True
1520,optimization,flt_1phg_shc_w_arc,MainLn10-11,True
1521,optimization,flt_1phg_shc_w_arc,MainLn10-11,True
1522,optimization,flt_1phg_shc_w_arc,MainLn10-11,True
1523,optimization,flt_1phg_shc_w_arc,MainLn12-13,True
1524,optimization,flt_1phg_shc_w_arc,MainLn12-13,True
1525,optimization,flt_1phg_shc_w_arc,MainLn12-13,True
1526,optimization,flt_1phg_shc_w_arc,MainLn12-13,True
1527,optimization,flt_1phg_shc_w_arc,MainLn12-13,True
1528,optimization,flt_1phg_shc_w_arc,MainLn13-14,True
1529,optimization,flt_1phg_shc_w_arc,MainLn13-14,True
1530,optimization,flt_1phg_shc_w_arc,MainLn13-14,True
1531,optimization,flt_1phg_shc_w_arc,MainLn13-14,True
1532,optimization,flt_1phg_shc_w_arc,MainLn13-14,True
1533,optimization,flt_1phg_shc_w_arc,MainLn2-3,True
1534,optimization,flt_1phg_shc_w_arc,MainLn2-3,True
1535,optimization,flt_1phg_shc_w_arc,MainLn2-3,True
1536,optimization,flt_1phg_shc_w_arc,MainLn2-3,True
1537,optimization,flt_1phg_shc_w_arc,MainLn2-3,True
1538,optimization,flt_1phg_shc_w_arc,MainLn3-4,True
1539,optimization,flt_1phg_shc_w_arc,MainLn3-4,True
1540,optimization,flt_1phg_shc_w_arc,MainLn3-4,True
1541,optimization,flt_1phg_shc_w_arc,MainLn3-4,True
1542,optimization,flt_1phg_shc_w_arc,MainLn3-4,True
1543,monitoring,flt_1phg_shc_w_arc,MainLn3-8,True
1544,optimization,flt_1phg_shc_w_arc,MainLn3-8,True
1545,optimization,flt_1phg_shc_w_arc,MainLn3-8,True
1546,monitoring,flt_1phg_shc_w_arc,MainLn3-8,True
1547,optimization,flt_1phg_shc_w_arc,MainLn3-8,True
1548,optimization,flt_1phg_shc_w_arc,MainLn4-11,True
1549,optimization,flt_1phg_shc_w_arc,MainLn4-11,True
1550,optimization,flt_1phg_shc_w_arc,MainLn4-11,True
1551,evaluation,flt_1phg_shc_w_arc,MainLn4-11,True
1552,evaluation,flt_1phg_shc_w_arc,MainLn4-11,True
1553,optimization,flt_1phg_shc_w_arc,MainLn4-5,True
1554,optimization,flt_1phg_shc_w_arc,MainLn4-5,True
1555,optimization,flt_1phg_shc_w_arc,MainLn4-5,True
1556,optimization,flt_1phg_shc_w_arc,MainLn4-5,True
1557,optimization,flt_1phg_shc_w_arc,MainLn4-5,True
1558,evaluation,flt_1phg_shc_w_arc,MainLn5-6,True
1559,optimization,flt_1phg_shc_w_arc,MainLn5-6,True
1560,optimization,flt_1phg_shc_w_arc,MainLn5-6,True
1561,optimization,flt_1phg_shc_w_arc,MainLn5-6,True
1562,monitoring,flt_1phg_shc_w_arc,MainLn5-6,True
1563,monitoring,flt_1phg_shc_w_arc,MainLn6-7,True
1564,optimization,flt_1phg_shc_w_arc,MainLn6-7,True
1565,monitoring,flt_1phg_shc_w_arc,MainLn6-7,True
1566,optimization,flt_1phg_shc_w_arc,MainLn6-7,True
1567,optimization,flt_1phg_shc_w_arc,MainLn6-7,True
1568,optimization,flt_1phg_shc_w_arc,MainLn7-8,True
1569,optimization,flt_1phg_shc_w_arc,MainLn7-8,True
1570,monitoring,flt_1phg_shc_w_arc,MainLn7-8,True
1571,optimization,flt_1phg_shc_w_arc,MainLn7-8,True
1572,optimization,flt_1phg_shc_w_arc,MainLn7-8,True
1573,optimization,flt_1phg_shc_w_arc,MainLn8-14,True
1574,optimization,flt_1phg_shc_w_arc,MainLn8-14,True
1575,optimization,flt_1phg_shc_w_arc,MainLn8-14,True
1576,optimization,flt_1phg_shc_w_arc,MainLn8-14,True
1577,optimization,flt_1phg_shc_w_arc,MainLn8-14,True
1578,optimization,flt_1phg_shc_w_arc,MainLn8-9,True
1579,optimization,flt_1phg_shc_w_arc,MainLn8-9,True
1580,optimization,flt_1phg_shc_w_arc,MainLn8-9,True
1581,optimization,flt_1phg_shc_w_arc,MainLn8-9,True
1582,optimization,flt_1phg_shc_w_arc,MainLn8-9,True
1583,optimization,flt_1phg_shc_w_arc,MainLn9-10,True
1584,optimization,flt_1phg_shc_w_arc,MainLn9-10,True
1585,optimization,flt_1phg_shc_w_arc,MainLn9-10,True
1586,optimization,flt_1phg_shc_w_arc,MainLn9-10,True
1587,optimization,flt_1phg_shc_w_arc,MainLn9-10,True
1588,optimization,flt_1phg_shc_w_arc,MainBus1,True
1589,optimization,flt_1phg_shc_w_arc,MainBus10,True
1590,optimization,flt_1phg_shc_w_arc,MainBus11,True
1591,optimization,flt_1phg_shc_w_arc,MainBus12,True
1592,optimization,flt_1phg_shc_w_arc,MainBus13,True
1593,optimization,flt_1phg_shc_w_arc,MainBus14,True
1594,monitoring,flt_1phg_shc_w_arc,MainBus2,True
1595,optimization,flt_1phg_shc_w_arc,MainBus3,True
1596,monitoring,flt_1phg_shc_w_arc,MainBus4,True
1597,optimization,flt_1phg_shc_w_arc,MainBus5,True
1598,optimization,flt_1phg_shc_w_arc,MainBus6,True
1599,optimization,flt_1phg_shc_w_arc,MainBus7,True
1600,optimization,flt_1phg_shc_w_arc,MainBus8,True
1601,optimization,flt_1phg_shc_w_arc,MainBus9,True
1602,optimization,flt_2ph_shc,MainLn1-2,True
1603,optimization,flt_2ph_shc,MainLn1-2,True
1604,optimization,flt_2ph_shc,MainLn1-2,True
1605,optimization,flt_2ph_shc,MainLn1-2,True
1606,optimization,flt_2ph_shc,MainLn1-2,True
1607,optimization,flt_2ph_shc,MainLn10-11,True
1608,monitoring,flt_2ph_shc,MainLn10-11,True
1609,monitoring,flt_2ph_shc,MainLn10-11,True
1610,optimization,flt_2ph_shc,MainLn10-11,True
1611,optimization,flt_2ph_shc,MainLn10-11,True
1612,optimization,flt_2ph_shc,MainLn12-13,True
1613,optimization,flt_2ph_shc,MainLn12-13,True
1614,optimization,flt_2ph_shc,MainLn12-13,True
1615,monitoring,flt_2ph_shc,MainLn12-13,True
1616,optimization,flt_2ph_shc,MainLn12-13,True
1617,optimization,flt_2ph_shc,MainLn13-14,True
1618,optimization,flt_2ph_shc,MainLn13-14,True
1619,optimization,flt_2ph_shc,MainLn13-14,True
1620,optimization,flt_2ph_shc,MainLn13-14,True
1621,optimization,flt_2ph_shc,MainLn13-14,True
1622,optimization,flt_2ph_shc,MainLn2-3,True
1623,optimization,flt_2ph_shc,MainLn2-3,True
1624,optimization,flt_2ph_shc,MainLn2-3,True
1625,monitoring,flt_2ph_shc,MainLn2-3,True
1626,evaluation,flt_2ph_shc,MainLn2-3,True
1627,optimization,flt_2ph_shc,MainLn3-4,True
1628,optimization,flt_2ph_shc,MainLn3-4,True
1629,optimization,flt_2ph_shc,MainLn3-4,True
1630,optimization,flt_2ph_shc,MainLn3-4,True
1631,optimization,flt_2ph_shc,MainLn3-4,True
1632,optimization,flt_2ph_shc,MainLn3-8,True
1633,optimization,flt_2ph_shc,MainLn3-8,True
1634,optimization,flt_2ph_shc,MainLn3-8,True
1635,optimization,flt_2ph_shc,MainLn3-8,True
1636,optimization,flt_2ph_shc,MainLn3-8,True
1637,optimization,flt_2ph_shc,MainLn4-11,True
1638,optimization,flt_2ph_shc,MainLn4-11,True
1639,optimization,flt_2ph_shc,MainLn4-11,True
1640,optimization,flt_2ph_shc,MainLn4-11,True
1641,optimization,flt_2ph_shc,MainLn4-11,True
1642,optimization,flt_2ph_shc,MainLn4-5,True
1643,optimization,flt_2ph_shc,MainLn4-5,True
1644,optimization,flt_2ph_shc,MainLn4-5,True
1645,optimization,flt_2ph_shc,MainLn4-5,True
1646,optimization,flt_2ph_shc,MainLn4-5,True
1647,evaluation,flt_2ph_shc,MainLn5-6,True
1648,optimization,flt_2ph_shc,MainLn5-6,True
1649,optimization,flt_2ph_shc,MainLn5-6,True
1650,monitoring,flt_2ph_shc,MainLn5-6,True
1651,optimization,flt_2ph_shc,MainLn5-6,True
1652,optimization,flt_2ph_shc,MainLn6-7,True
1653,optimization,flt_2ph_shc,MainLn6-7,True
1654,optimization,flt_2ph_shc,MainLn6-7,True
1655,optimization,flt_2ph_shc,MainLn6-7,True
1656,optimization,flt_2ph_shc,MainLn6-7,True
1657,optimization,flt_2ph_shc,MainLn7-8,True
1658,optimization,flt_2ph_shc,MainLn7-8,True
1659,optimization,flt_2ph_shc,MainLn7-8,True
1660,optimization,flt_2ph_shc,MainLn7-8,True
1661,optimization,flt_2ph_shc,MainLn7-8,True
1662,optimization,flt_2ph_shc,MainLn8-14,True
1663,optimization,flt_2ph_shc,MainLn8-14,True
1664,optimization,flt_2ph_shc,MainLn8-14,True
1665,optimization,flt_2ph_shc,MainLn8-14,True
1666,optimization,flt_2ph_shc,MainLn8-14,True
1667,optimization,flt_2ph_shc,MainLn8-9,True
1668,monitoring,flt_2ph_shc,MainLn8-9,True
1669,monitoring,flt_2ph_shc,MainLn8-9,True
1670,evaluation,flt_2ph_shc,MainLn8-9,True
1671,optimization,flt_2ph_shc,MainLn8-9,True
1672,optimization,flt_2ph_shc,MainLn9-10,True
1673,optimization,flt_2ph_shc,MainLn9-10,True
1674,optimization,flt_2ph_shc,MainLn9-10,True
1675,evaluation,flt_2ph_shc,MainLn9-10,True
1676,optimization,flt_2ph_shc,MainLn9-10,True
1677,optimization,flt_2ph_shc,MainBus1,True
1678,optimization,flt_2ph_shc,MainBus10,True
1679,optimization,flt_2ph_shc,MainBus11,True
1680,optimization,flt_2ph_shc,MainBus12,True
1681,optimization,flt_2ph_shc,MainBus13,True
1682,optimization,flt_2ph_shc,MainBus14,True
1683,monitoring,flt_2ph_shc,MainBus2,True
1684,optimization,flt_2ph_shc,MainBus3,True
1685,optimization,flt_2ph_shc,MainBus4,True
1686,optimization,flt_2ph_shc,MainBus5,True
1687,optimization,flt_2ph_shc,MainBus6,True
1688,optimization,flt_2ph_shc,MainBus7,True
1689,optimization,flt_2ph_shc,MainBus8,True
1690,optimization,flt_2ph_shc,MainBus9,True
1691,monitoring,flt_2ph_shc,MainLn1-2,True
1692,optimization,flt_2ph_shc,MainLn1-2,True
1693,optimization,flt_2ph_shc,MainLn1-2,True
1694,evaluation,flt_2ph_shc,MainLn1-2,True
1695,optimization,flt_2ph_shc,MainLn1-2,True
1696,monitoring,flt_2ph_shc,MainLn10-11,True
1697,optimization,flt_2ph_shc,MainLn10-11,True
1698,optimization,flt_2ph_shc,MainLn10-11,True
1699,optimization,flt_2ph_shc,MainLn10-11,True
1700,optimization,flt_2ph_shc,MainLn10-11,True
1701,optimization,flt_2ph_shc,MainLn12-13,True
1702,optimization,flt_2ph_shc,MainLn12-13,True
1703,monitoring,flt_2ph_shc,MainLn12-13,True
1704,optimization,flt_2ph_shc,MainLn12-13,True
1705,evaluation,flt_2ph_shc,MainLn12-13,True
1706,optimization,flt_2ph_shc,MainLn13-14,True
1707,optimization,flt_2ph_shc,MainLn13-14,True
1708,optimization,flt_2ph_shc,MainLn13-14,True
1709,monitoring,flt_2ph_shc,MainLn13-14,True
1710,optimization,flt_2ph_shc,MainLn13-14,True
1711,optimization,flt_2ph_shc,MainLn2-3,True
1712,optimization,flt_2ph_shc,MainLn2-3,True
1713,optimization,flt_2ph_shc,MainLn2-3,True
1714,optimization,flt_2ph_shc,MainLn2-3,True
1715,optimization,flt_2ph_shc,MainLn2-3,True
1716,optimization,flt_2ph_shc,MainLn3-4,True
1717,optimization,flt_2ph_shc,MainLn3-4,True
1718,optimization,flt_2ph_shc,MainLn3-4,True
1719,optimization,flt_2ph_shc,MainLn3-4,True
1720,optimization,flt_2ph_shc,MainLn3-4,True
1721,optimization,flt_2ph_shc,MainLn3-8,True
1722,optimization,flt_2ph_shc,MainLn3-8,True
1723,monitoring,flt_2ph_shc,MainLn3-8,True
1724,optimization,flt_2ph_shc,MainLn3-8,True
1725,optimization,flt_2ph_shc,MainLn3-8,True
1726,optimization,flt_2ph_shc,MainLn4-11,True
1727,monitoring,flt_2ph_shc,MainLn4-11,True
1728,optimization,flt_2ph_shc,MainLn4-11,True
1729,monitoring,flt_2ph_shc,MainLn4-11,True
1730,evaluation,flt_2ph_shc,MainLn4-11,True
1731,monitoring,flt_2ph_shc,MainLn4-5,True
1732,monitoring,flt_2ph_shc,MainLn4-5,True
1733,optimization,flt_2ph_shc,MainLn4-5,True
1734,optimization,flt_2ph_shc,MainLn4-5,True
1735,optimization,flt_2ph_shc,MainLn4-5,True
1736,evaluation,flt_2ph_shc,MainLn5-6,True
1737,optimization,flt_2ph_shc,MainLn5-6,True
1738,optimization,flt_2ph_shc,MainLn5-6,True
1739,optimization,flt_2ph_shc,MainLn5-6,True
1740,optimization,flt_2ph_shc,MainLn5-6,True
1741,optimization,flt_2ph_shc,MainLn6-7,True
1742,optimization,flt_2ph_shc,MainLn6-7,True
1743,optimization,flt_2ph_shc,MainLn6-7,True
1744,optimization,flt_2ph_shc,MainLn6-7,True
1745,optimization,flt_2ph_shc,MainLn6-7,True
1746,optimization,flt_2ph_shc,MainLn7-8,True
1747,optimization,flt_2ph_shc,MainLn7-8,True
1748,optimization,flt_2ph_shc,MainLn7-8,True
1749,monitoring,flt_2ph_shc,MainLn7-8,True
1750,monitoring,flt_2ph_shc,MainLn7-8,True
1751,optimization,flt_2ph_shc,MainLn8-14,True
1752,optimization,flt_2ph_shc,MainLn8-14,True
1753,optimization,flt_2ph_shc,MainLn8-14,True
1754,optimization,flt_2ph_shc,MainLn8-14,True
1755,optimization,flt_2ph_shc,MainLn8-14,True
1756,optimization,flt_2ph_shc,MainLn8-9,True
1757,monitoring,flt_2ph_shc,MainLn8-9,True
1758,optimization,flt_2ph_shc,MainLn8-9,True
1759,monitoring,flt_2ph_shc,MainLn8-9,True
1760,optimization,flt_2ph_shc,MainLn8-9,True
1761,optimization,flt_2ph_shc,MainLn9-10,True
1762,optimization,flt_2ph_shc,MainLn9-10,True
1763,monitoring,flt_2ph_shc,MainLn9-10,True
1764,optimization,flt_2ph_shc,MainLn9-10,True
1765,optimization,flt_2ph_shc,MainLn9-10,True
1766,optimization,flt_2ph_shc,MainBus1,True
1767,optimization,flt_2ph_shc,MainBus10,True
1768,optimization,flt_2ph_shc,MainBus11,True
1769,optimization,flt_2ph_shc,MainBus12,True
1770,optimization,flt_2ph_shc,MainBus13,True
1771,monitoring,flt_2ph_shc,MainBus14,True
1772,optimization,flt_2ph_shc,MainBus2,True
1773,optimization,flt_2ph_shc,MainBus3,True
1774,monitoring,flt_2ph_shc,MainBus4,True
1775,optimization,flt_2ph_shc,MainBus5,True
1776,optimization,flt_2ph_shc,MainBus6,True
1777,optimization,flt_2ph_shc,MainBus7,True
1778,optimization,flt_2ph_shc,MainBus8,True
1779,optimization,flt_2ph_shc,MainBus9,True
1780,evaluation,flt_2ph_shc,MainLn1-2,True
1781,optimization,flt_2ph_shc,MainLn1-2,True
1782,monitoring,flt_2ph_shc,MainLn1-2,True
1783,monitoring,flt_2ph_shc,MainLn1-2,True
1784,optimization,flt_2ph_shc,MainLn1-2,True
1785,optimization,flt_2ph_shc,MainLn10-11,True
1786,evaluation,flt_2ph_shc,MainLn10-11,True
1787,optimization,flt_2ph_shc,MainLn10-11,True
1788,optimization,flt_2ph_shc,MainLn10-11,True
1789,optimization,flt_2ph_shc,MainLn10-11,True
1790,optimization,flt_2ph_shc,MainLn12-13,True
1791,optimization,flt_2ph_shc,MainLn12-13,True
1792,optimization,flt_2ph_shc,MainLn12-13,True
1793,optimization,flt_2ph_shc,MainLn12-13,True
1794,optimization,flt_2ph_shc,MainLn12-13,True
1795,optimization,flt_2ph_shc,MainLn13-14,True
1796,optimization,flt_2ph_shc,MainLn13-14,True
1797,optimization,flt_2ph_shc,MainLn13-14,True
1798,optimization,flt_2ph_shc,MainLn13-14,True
1799,optimization,flt_2ph_shc,MainLn13-14,True
1800,optimization,flt_2ph_shc,MainLn2-3,True
1801,optimization,flt_2ph_shc,MainLn2-3,True
1802,optimization,flt_2ph_shc,MainLn2-3,True
1803,evaluation,flt_2ph_shc,MainLn2-3,True
1804,monitoring,flt_2ph_shc,MainLn2-3,True
1805,optimization,flt_2ph_shc,MainLn3-4,True
1806,optimization,flt_2ph_shc,MainLn3-4,True
1807,optimization,flt_2ph_shc,MainLn3-4,True
1808,optimization,flt_2ph_shc,MainLn3-4,True
1809,optimization,flt_2ph_shc,MainLn3-4,True
1810,optimization,flt_2ph_shc,MainLn3-8,True
1811,optimization,flt_2ph_shc,MainLn3-8,True
1812,evaluation,flt_2ph_shc,MainLn3-8,True
1813,optimization,flt_2ph_shc,MainLn3-8,True
1814,optimization,flt_2ph_shc,MainLn3-8,True
1815,optimization,flt_2ph_shc,MainLn4-11,True
1816,optimization,flt_2ph_shc,MainLn4-11,True
1817,optimization,flt_2ph_shc,MainLn4-11,True
1818,optimization,flt_2ph_shc,MainLn4-11,True
1819,monitoring,flt_2ph_shc,MainLn4-11,True
1820,monitoring,flt_2ph_shc,MainLn4-5,True
1821,optimization,flt_2ph_shc,MainLn4-5,True
1822,optimization,flt_2ph_shc,MainLn4-5,True
1823,optimization,flt_2ph_shc,MainLn4-5,True
1824,optimization,flt_2ph_shc,MainLn4-5,True
1825,optimization,flt_2ph_shc,MainLn5-6,True
1826,optimization,flt_2ph_shc,MainLn5-6,True
1827,optimization,flt_2ph_shc,MainLn5-6,True
1828,optimization,flt_2ph_shc,MainLn5-6,True
1829,optimization,flt_2ph_shc,MainLn5-6,True
1830,optimization,flt_2ph_shc,MainLn6-7,True
1831,monitoring,flt_2ph_shc,MainLn6-7,True
1832,optimization,flt_2ph_shc,MainLn6-7,True
1833,evaluation,flt_2ph_shc,MainLn6-7,True
1834,optimization,flt_2ph_shc,MainLn6-7,True
1835,optimization,flt_2ph_shc,MainLn7-8,True
1836,optimization,flt_2ph_shc,MainLn7-8,True
1837,optimization,flt_2ph_shc,MainLn7-8,True
1838,optimization,flt_2ph_shc,MainLn7-8,True
1839,optimization,flt_2ph_shc,MainLn7-8,True
1840,optimization,flt_2ph_shc,MainLn8-14,True
1841,optimization,flt_2ph_shc,MainLn8-14,True
1842,optimization,flt_2ph_shc,MainLn8-14,True
1843,optimization,flt_2ph_shc,MainLn8-14,True
1844,optimization,flt_2ph_shc,MainLn8-14,True
1845,optimization,flt_2ph_shc,MainLn8-9,True
1846,optimization,flt_2ph_shc,MainLn8-9,True
1847,optimization,flt_2ph_shc,MainLn8-9,True
1848,optimization,flt_2ph_shc,MainLn8-9,True
1849,optimization,flt_2ph_shc,MainLn8-9,True
1850,optimization,flt_2ph_shc,MainLn9-10,True
1851,optimization,flt_2ph_shc,MainLn9-10,True
1852,optimization,flt_2ph_shc,MainLn9-10,True
1853,optimization,flt_2ph_shc,MainLn9-10,True
1854,optimization,flt_2ph_shc,MainLn9-10,True
1855,optimization,flt_2ph_shc,MainBus1,True
1856,optimization,flt_2ph_shc,MainBus10,True
1857,optimization,flt_2ph_shc,MainBus11,True
1858,optimization,flt_2ph_shc,MainBus12,True
1859,monitoring,flt_2ph_shc,MainBus13,True
1860,optimization,flt_2ph_shc,MainBus14,True
1861,optimization,flt_2ph_shc,MainBus2,True
1862,optimization,flt_2ph_shc,MainBus3,True
1863,optimization,flt_2ph_shc,MainBus4,True
1864,optimization,flt_2ph_shc,MainBus5,True
1865,optimization,flt_2ph_shc,MainBus6,True
1866,optimization,flt_2ph_shc,MainBus7,True
1867,optimization,flt_2ph_shc,MainBus8,True
1868,optimization,flt_2ph_shc,MainBus9,True
1869,optimization,flt_2ph_shc,MainLn1-2,True
1870,optimization,flt_2ph_shc,MainLn1-2,True
1871,optimization,flt_2ph_shc,MainLn1-2,True
1872,optimization,flt_2ph_shc,MainLn1-2,True
1873,evaluation,flt_2ph_shc,MainLn1-2,True
1874,optimization,flt_2ph_shc,MainLn10-11,True
1875,optimization,flt_2ph_shc,MainLn10-11,True
1876,evaluation,flt_2ph_shc,MainLn10-11,True
1877,optimization,flt_2ph_shc,MainLn10-11,True
1878,optimization,flt_2ph_shc,MainLn10-11,True
1879,optimization,flt_2ph_shc,MainLn12-13,True
1880,optimization,flt_2ph_shc,MainLn12-13,True
1881,optimization,flt_2ph_shc,MainLn12-13,True
1882,optimization,flt_2ph_shc,MainLn12-13,True
1883,optimization,flt_2ph_shc,MainLn12-13,True
1884,optimization,flt_2ph_shc,MainLn13-14,True
1885,optimization,flt_2ph_shc,MainLn13-14,True
1886,optimization,flt_2ph_shc,MainLn13-14,True
1887,optimization,flt_2ph_shc,MainLn13-14,True
1888,optimization,flt_2ph_shc,MainLn13-14,True
1889,optimization,flt_2ph_shc,MainLn2-3,True
1890,optimization,flt_2ph_shc,MainLn2-3,True
1891,optimization,flt_2ph_shc,MainLn2-3,True
1892,optimization,flt_2ph_shc,MainLn2-3,True
1893,optimization,flt_2ph_shc,MainLn2-3,True
1894,optimization,flt_2ph_shc,MainLn3-4,True
1895,optimization,flt_2ph_shc,MainLn3-4,True
1896,optimization,flt_2ph_shc,MainLn3-4,True
1897,optimization,flt_2ph_shc,MainLn3-4,True
1898,optimization,flt_2ph_shc,MainLn3-4,True
1899,optimization,flt_2ph_shc,MainLn3-8,True
1900,optimization,flt_2ph_shc,MainLn3-8,True
1901,optimization,flt_2ph_shc,MainLn3-8,True
1902,optimization,flt_2ph_shc,MainLn3-8,True
1903,optimization,flt_2ph_shc,MainLn3-8,True
1904,optimization,flt_2ph_shc,MainLn4-11,True
1905,optimization,flt_2ph_shc,MainLn4-11,True
1906,optimization,flt_2ph_shc,MainLn4-11,True
1907,optimization,flt_2ph_shc,MainLn4-11,True
1908,optimization,flt_2ph_shc,MainLn4-11,True
1909,optimization,flt_2ph_shc,MainLn4-5,True
1910,optimization,flt_2ph_shc,MainLn4-5,True
1911,optimization,flt_2ph_shc,MainLn4-5,True
1912,optimization,flt_2ph_shc,MainLn4-5,True
1913,monitoring,flt_2ph_shc,MainLn4-5,True
1914,optimization,flt_2ph_shc,MainLn5-6,True
1915,optimization,flt_2ph_shc,MainLn5-6,True
1916,optimization,flt_2ph_shc,MainLn5-6,True
1917,optimization,flt_2ph_shc,MainLn5-6,True
1918,optimization,flt_2ph_shc,MainLn5-6,True
1919,optimization,flt_2ph_shc,MainLn6-7,True
1920,optimization,flt_2ph_shc,MainLn6-7,True
1921,optimization,flt_2ph_shc,MainLn6-7,True
1922,optimization,flt_2ph_shc,MainLn6-7,True
1923,optimization,flt_2ph_shc,MainLn6-7,True
1924,optimization,flt_2ph_shc,MainLn7-8,True
1925,optimization,flt_2ph_shc,MainLn7-8,True
1926,optimization,flt_2ph_shc,MainLn7-8,True
1927,optimization,flt_2ph_shc,MainLn7-8,True
1928,optimization,flt_2ph_shc,MainLn7-8,True
1929,optimization,flt_2ph_shc,MainLn8-14,True
1930,optimization,flt_2ph_shc,MainLn8-14,True
1931,optimization,flt_2ph_shc,MainLn8-14,True
1932,optimization,flt_2ph_shc,MainLn8-14,True
1933,monitoring,flt_2ph_shc,MainLn8-14,True
1934,optimization,flt_2ph_shc,MainLn8-9,True
1935,optimization,flt_2ph_shc,MainLn8-9,True
1936,monitoring,flt_2ph_shc,MainLn8-9,True
1937,optimization,flt_2ph_shc,MainLn8-9,True
1938,evaluation,flt_2ph_shc,MainLn8-9,True
1939,optimization,flt_2ph_shc,MainLn9-10,True
1940,optimization,flt_2ph_shc,MainLn9-10,True
1941,optimization,flt_2ph_shc,MainLn9-10,True
1942,optimization,flt_2ph_shc,MainLn9-10,True
1943,optimization,flt_2ph_shc,MainLn9-10,True
1944,optimization,flt_2ph_shc,MainBus1,True
1945,optimization,flt_2ph_shc,MainBus10,True
1946,optimization,flt_2ph_shc,MainBus11,True
1947,optimization,flt_2ph_shc,MainBus12,True
1948,optimization,flt_2ph_shc,MainBus13,True
1949,optimization,flt_2ph_shc,MainBus14,True
1950,optimization,flt_2ph_shc,MainBus2,True
1951,optimization,flt_2ph_shc,MainBus3,True
1952,optimization,flt_2ph_shc,MainBus4,True
1953,monitoring,flt_2ph_shc,MainBus5,True
1954,optimization,flt_2ph_shc,MainBus6,True
1955,optimization,flt_2ph_shc,MainBus7,True
1956,optimization,flt_2ph_shc,MainBus8,True
1957,optimization,flt_2ph_shc,MainBus9,True
1958,optimization,flt_2ph_shc,MainLn1-2,True
1959,monitoring,flt_2ph_shc,MainLn1-2,True
1960,optimization,flt_2ph_shc,MainLn1-2,True
1961,optimization,flt_2ph_shc,MainLn1-2,True
1962,optimization,flt_2ph_shc,MainLn1-2,True
1963,optimization,flt_2ph_shc,MainLn10-11,True
1964,optimization,flt_2ph_shc,MainLn10-11,True
1965,monitoring,flt_2ph_shc,MainLn10-11,True
1966,monitoring,flt_2ph_shc,MainLn10-11,True
1967,monitoring,flt_2ph_shc,MainLn10-11,True
1968,optimization,flt_2ph_shc,MainLn12-13,True
1969,optimization,flt_2ph_shc,MainLn12-13,True
1970,optimization,flt_2ph_shc,MainLn12-13,True
1971,optimization,flt_2ph_shc,MainLn12-13,True
1972,optimization,flt_2ph_shc,MainLn12-13,True
1973,evaluation,flt_2ph_shc,MainLn13-14,True
1974,optimization,flt_2ph_shc,MainLn13-14,True
1975,optimization,flt_2ph_shc,MainLn13-14,True
1976,optimization,flt_2ph_shc,MainLn13-14,True
1977,optimization,flt_2ph_shc,MainLn13-14,True
1978,optimization,flt_2ph_shc,MainLn2-3,True
1979,optimization,flt_2ph_shc,MainLn2-3,True
1980,optimization,flt_2ph_shc,MainLn2-3,True
1981,optimization,flt_2ph_shc,MainLn2-3,True
1982,optimization,flt_2ph_shc,MainLn2-3,True
1983,optimization,flt_2ph_shc,MainLn3-4,True
1984,optimization,flt_2ph_shc,MainLn3-4,True
1985,optimization,flt_2ph_shc,MainLn3-4,True
1986,monitoring,flt_2ph_shc,MainLn3-4,True
1987,monitoring,flt_2ph_shc,MainLn3-4,True
1988,optimization,flt_2ph_shc,MainLn3-8,True
1989,optimization,flt_2ph_shc,MainLn3-8,True
1990,optimization,flt_2ph_shc,MainLn3-8,True
1991,evaluation,flt_2ph_shc,MainLn3-8,True
1992,monitoring,flt_2ph_shc,MainLn3-8,True
1993,optimization,flt_2ph_shc,MainLn4-11,True
1994,optimization,flt_2ph_shc,MainLn4-11,True
1995,optimization,flt_2ph_shc,MainLn4-11,True
1996,optimization,flt_2ph_shc,MainLn4-11,True
1997,optimization,flt_2ph_shc,MainLn4-11,True
1998,monitoring,flt_2ph_shc,MainLn4-5,True
1999,optimization,flt_2ph_shc,MainLn4-5,True
2000,optimization,flt_2ph_shc,MainLn4-5,True
2001,optimization,flt_2ph_shc,MainLn4-5,True
2002,optimization,flt_2ph_shc,MainLn4-5,True
2003,optimization,flt_2ph_shc,MainLn5-6,True
2004,monitoring,flt_2ph_shc,MainLn5-6,True
2005,optimization,flt_2ph_shc,MainLn5-6,True
2006,optimization,flt_2ph_shc,MainLn5-6,True
2007,optimization,flt_2ph_shc,MainLn5-6,True
2008,optimization,flt_2ph_shc,MainLn6-7,True
2009,optimization,flt_2ph_shc,MainLn6-7,True
2010,optimization,flt_2ph_shc,MainLn6-7,True
2011,optimization,flt_2ph_shc,MainLn6-7,True
2012,optimization,flt_2ph_shc,MainLn6-7,True
2013,optimization,flt_2ph_shc,MainLn7-8,True
2014,optimization,flt_2ph_shc,MainLn7-8,True
2015,optimization,flt_2ph_shc,MainLn7-8,True
2016,optimization,flt_2ph_shc,MainLn7-8,True
2017,optimization,flt_2ph_shc,MainLn7-8,True
2018,optimization,flt_2ph_shc,MainLn8-14,True
2019,monitoring,flt_2ph_shc,MainLn8-14,True
2020,optimization,flt_2ph_shc,MainLn8-14,True
2021,optimization,flt_2ph_shc,MainLn8-14,True
2022,optimization,flt_2ph_shc,MainLn8-14,True
2023,optimization,flt_2ph_shc,MainLn8-9,True
2024,evaluation,flt_2ph_shc,MainLn8-9,True
2025,optimization,flt_2ph_shc,MainLn8-9,True
2026,optimization,flt_2ph_shc,MainLn8-9,True
2027,optimization,flt_2ph_shc,MainLn8-9,True
2028,optimization,flt_2ph_shc,MainLn9-10,True
2029,optimization,flt_2ph_shc,MainLn9-10,True
2030,optimization,flt_2ph_shc,MainLn9-10,True
2031,optimization,flt_2ph_shc,MainLn9-10,True
2032,optimization,flt_2ph_shc,MainLn9-10,True
2033,optimization,flt_2ph_shc,MainBus1,True
2034,optimization,flt_2ph_shc,MainBus10,True
2035,optimization,flt_2ph_shc,MainBus11,True
2036,optimization,flt_2ph_shc,MainBus12,True
2037,monitoring,flt_2ph_shc,MainBus13,True
2038,monitoring,flt_2ph_shc,MainBus14,True
2039,optimization,flt_2ph_shc,MainBus2,True
2040,optimization,flt_2ph_shc,MainBus3,True
2041,optimization,flt_2ph_shc,MainBus4,True
2042,optimization,flt_2ph_shc,MainBus5,True
2043,optimization,flt_2ph_shc,MainBus6,True
2044,optimization,flt_2ph_shc,MainBus7,True
2045,optimization,flt_2ph_shc,MainBus8,True
2046,optimization,flt_2ph_shc,MainBus9,True
2047,optimization,flt_2ph_shc,MainLn1-2,True
2048,optimization,flt_2ph_shc,MainLn1-2,True
2049,optimization,flt_2ph_shc,MainLn1-2,True
2050,optimization,flt_2ph_shc,MainLn1-2,True
2051,optimization,flt_2ph_shc,MainLn1-2,True
2052,optimization,flt_2ph_shc,MainLn10-11,True
2053,optimization,flt_2ph_shc,MainLn10-11,True
2054,optimization,flt_2ph_shc,MainLn10-11,True
2055,optimization,flt_2ph_shc,MainLn10-11,True
2056,optimization,flt_2ph_shc,MainLn10-11,True
2057,optimization,flt_2ph_shc,MainLn12-13,True
2058,monitoring,flt_2ph_shc,MainLn12-13,True
2059,optimization,flt_2ph_shc,MainLn12-13,True
2060,optimization,flt_2ph_shc,MainLn12-13,True
2061,optimization,flt_2ph_shc,MainLn12-13,True
2062,optimization,flt_2ph_shc,MainLn13-14,True
2063,optimization,flt_2ph_shc,MainLn13-14,True
2064,monitoring,flt_2ph_shc,MainLn13-14,True
2065,optimization,flt_2ph_shc,MainLn13-14,True
2066,optimization,flt_2ph_shc,MainLn13-14,True
2067,optimization,flt_2ph_shc,MainLn2-3,True
2068,optimization,flt_2ph_shc,MainLn2-3,True
2069,optimization,flt_2ph_shc,MainLn2-3,True
2070,optimization,flt_2ph_shc,MainLn2-3,True
2071,optimization,flt_2ph_shc,MainLn2-3,True
2072,monitoring,flt_2ph_shc,MainLn3-4,True
2073,optimization,flt_2ph_shc,MainLn3-4,True
2074,monitoring,flt_2ph_shc,MainLn3-4,True
2075,optimization,flt_2ph_shc,MainLn3-4,True
2076,optimization,flt_2ph_shc,MainLn3-4,True
2077,optimization,flt_2ph_shc,MainLn3-8,True
2078,optimization,flt_2ph_shc,MainLn3-8,True
2079,optimization,flt_2ph_shc,MainLn3-8,True
2080,optimization,flt_2ph_shc,MainLn3-8,True
2081,optimization,flt_2ph_shc,MainLn3-8,True
2082,optimization,flt_2ph_shc,MainLn4-11,True
2083,optimization,flt_2ph_shc,MainLn4-11,True
2084,optimization,flt_2ph_shc,MainLn4-11,True
2085,optimization,flt_2ph_shc,MainLn4-11,True
2086,optimization,flt_2ph_shc,MainLn4-11,True
2087,optimization,flt_2ph_shc,MainLn4-5,True
2088,optimization,flt_2ph_shc,MainLn4-5,True
2089,optimization,flt_2ph_shc,MainLn4-5,True
2090,evaluation,flt_2ph_shc,MainLn4-5,True
2091,optimization,flt_2ph_shc,MainLn4-5,True
2092,optimization,flt_2ph_shc,MainLn5-6,True
2093,optimization,flt_2ph_shc,MainLn5-6,True
2094,optimization,flt_2ph_shc,MainLn5-6,True
2095,optimization,flt_2ph_shc,MainLn5-6,True
2096,optimization,flt_2ph_shc,MainLn5-6,True
2097,evaluation,flt_2ph_shc,MainLn6-7,True
2098,optimization,flt_2ph_shc,MainLn6-7,True
2099,evaluation,flt_2ph_shc,MainLn6-7,True
2100,optimization,flt_2ph_shc,MainLn6-7,True
2101,optimization,flt_2ph_shc,MainLn6-7,True
2102,optimization,flt_2ph_shc,MainLn7-8,True
2103,optimization,flt_2ph_shc,MainLn7-8,True
2104,optimization,flt_2ph_shc,MainLn7-8,True
2105,optimization,flt_2ph_shc,MainLn7-8,True
2106,optimization,flt_2ph_shc,MainLn7-8,True
2107,optimization,flt_2ph_shc,MainLn8-14,True
2108,optimization,flt_2ph_shc,MainLn8-14,True
2109,optimization,flt_2ph_shc,MainLn8-14,True
2110,optimization,flt_2ph_shc,MainLn8-14,True
2111,optimization,flt_2ph_shc,MainLn8-14,True
2112,monitoring,flt_2ph_shc,MainLn8-9,True
2113,optimization,flt_2ph_shc,MainLn8-9,True
2114,monitoring,flt_2ph_shc,MainLn8-9,True
2115,evaluation,flt_2ph_shc,MainLn8-9,True
2116,monitoring,flt_2ph_shc,MainLn8-9,True
2117,optimization,flt_2ph_shc,MainLn9-10,True
2118,optimization,flt_2ph_shc,MainLn9-10,True
2119,optimization,flt_2ph_shc,MainLn9-10,True
2120,optimization,flt_2ph_shc,MainLn9-10,True
2121,optimization,flt_2ph_shc,MainLn9-10,True
2122,optimization,flt_2ph_shc,MainBus1,True
2123,optimization,flt_2ph_shc,MainBus10,True
2124,optimization,flt_2ph_shc,MainBus11,True
2125,optimization,flt_2ph_shc,MainBus12,True
2126,monitoring,flt_2ph_shc,MainBus13,True
2127,optimization,flt_2ph_shc,MainBus14,True
2128,optimization,flt_2ph_shc,MainBus2,True
2129,optimization,flt_2ph_shc,MainBus3,True
2130,optimization,flt_2ph_shc,MainBus4,True
2131,optimization,flt_2ph_shc,MainBus5,True
2132,optimization,flt_2ph_shc,MainBus6,True
2133,optimization,flt_2ph_shc,MainBus7,True
2134,optimization,flt_2ph_shc,MainBus8,True
2135,optimization,flt_2ph_shc,MainBus9,True
2136,optimization,flt_2ph_shc,MainLn1-2,True
2137,monitoring,flt_2ph_shc,MainLn1-2,True
2138,optimization,flt_2ph_shc,MainLn1-2,True
2139,optimization,flt_2ph_shc,MainLn1-2,True
2140,optimization,flt_2ph_shc,MainLn1-2,True
2141,optimization,flt_2ph_shc,MainLn10-11,True
2142,optimization,flt_2ph_shc,MainLn10-11,True
2143,optimization,flt_2ph_shc,MainLn10-11,True
2144,optimization,flt_2ph_shc,MainLn10-11,True
2145,optimization,flt_2ph_shc,MainLn10-11,True
2146,optimization,flt_2ph_shc,MainLn12-13,True
2147,optimization,flt_2ph_shc,MainLn12-13,True
2148,optimization,flt_2ph_shc,MainLn12-13,True
2149,optimization,flt_2ph_shc,MainLn12-13,True
2150,optimization,flt_2ph_shc,MainLn12-13,True
2151,optimization,flt_2ph_shc,MainLn13-14,True
2152,optimization,flt_2ph_shc,MainLn13-14,True
2153,optimization,flt_2ph_shc,MainLn13-14,True
2154,evaluation,flt_2ph_shc,MainLn13-14,True
2155,optimization,flt_2ph_shc,MainLn13-14,True
2156,optimization,flt_2ph_shc,MainLn2-3,True
2157,optimization,flt_2ph_shc,MainLn2-3,True
2158,optimization,flt_2ph_shc,MainLn2-3,True
2159,optimization,flt_2ph_shc,MainLn2-3,True
2160,monitoring,flt_2ph_shc,MainLn2-3,True
2161,optimization,flt_2ph_shc,MainLn3-4,True
2162,optimization,flt_2ph_shc,MainLn3-4,True
2163,optimization,flt_2ph_shc,MainLn3-4,True
2164,optimization,flt_2ph_shc,MainLn3-4,True
2165,optimization,flt_2ph_shc,MainLn3-4,True
2166,optimization,flt_2ph_shc,MainLn3-8,True
2167,monitoring,flt_2ph_shc,MainLn3-8,True
2168,optimization,flt_2ph_shc,MainLn3-8,True
2169,monitoring,flt_2ph_shc,MainLn3-8,True
2170,optimization,flt_2ph_shc,MainLn3-8,True
2171,optimization,flt_2ph_shc,MainLn4-11,True
2172,optimization,flt_2ph_shc,MainLn4-11,True
2173,optimization,flt_2ph_shc,MainLn4-11,True
2174,optimization,flt_2ph_shc,MainLn4-11,True
2175,optimization,flt_2ph_shc,MainLn4-11,True
2176,optimization,flt_2ph_shc,MainLn4-5,True
2177,optimization,flt_2ph_shc,MainLn4-5,True
2178,optimization,flt_2ph_shc,MainLn4-5,True
2179,optimization,flt_2ph_shc,MainLn4-5,True
2180,optimization,flt_2ph_shc,MainLn4-5,True
2181,optimization,flt_2ph_shc,MainLn5-6,True
2182,optimization,flt_2ph_shc,MainLn5-6,True
2183,monitoring,flt_2ph_shc,MainLn5-6,True
2184,optimization,flt_2ph_shc,MainLn5-6,True
2185,optimization,flt_2ph_shc,MainLn5-6,True
2186,optimization,flt_2ph_shc,MainLn6-7,True
2187,monitoring,flt_2ph_shc,MainLn6-7,True
2188,optimization,flt_2ph_shc,MainLn6-7,True
2189,optimization,flt_2ph_shc,MainLn6-7,True
2190,optimization,flt_2ph_shc,MainLn6-7,True
2191,optimization,flt_2ph_shc,MainLn7-8,True
2192,optimization,flt_2ph_shc,MainLn7-8,True
2193,optimization,flt_2ph_shc,MainLn7-8,True
2194,optimization,flt_2ph_shc,MainLn7-8,True
2195,optimization,flt_2ph_shc,MainLn7-8,True
2196,optimization,flt_2ph_shc,MainLn8-14,True
2197,optimization,flt_2ph_shc,MainLn8-14,True
2198,optimization,flt_2ph_shc,MainLn8-14,True
2199,optimization,flt_2ph_shc,MainLn8-14,True
2200,optimization,flt_2ph_shc,MainLn8-14,True
2201,optimization,flt_2ph_shc,MainLn8-9,True
2202,optimization,flt_2ph_shc,MainLn8-9,True
2203,optimization,flt_2ph_shc,MainLn8-9,True
2204,optimization,flt_2ph_shc,MainLn8-9,True
2205,optimization,flt_2ph_shc,MainLn8-9,True
2206,optimization,flt_2ph_shc,MainLn9-10,True
2207,optimization,flt_2ph_shc,MainLn9-10,True
2208,optimization,flt_2ph_shc,MainLn9-10,True
2209,optimization,flt_2ph_shc,MainLn9-10,True
2210,evaluation,flt_2ph_shc,MainLn9-10,True
2211,optimization,flt_2ph_shc,MainBus1,True
2212,optimization,flt_2ph_shc,MainBus10,True
2213,optimization,flt_2ph_shc,MainBus11,True
2214,optimization,flt_2ph_shc,MainBus12,True
2215,monitoring,flt_2ph_shc,MainBus13,True
2216,monitoring,flt_2ph_shc,MainBus14,True
2217,optimization,flt_2ph_shc,MainBus2,True
2218,evaluation,flt_2ph_shc,MainBus3,True
2219,optimization,flt_2ph_shc,MainBus4,True
2220,optimization,flt_2ph_shc,MainBus5,True
2221,optimization,flt_2ph_shc,MainBus6,True
2222,optimization,flt_2ph_shc,MainBus7,True
2223,optimization,flt_2ph_shc,MainBus8,True
2224,optimization,flt_2ph_shc,MainBus9,True
2225,evaluation,flt_2ph_shc,MainLn1-2,True
2226,optimization,flt_2ph_shc,MainLn1-2,True
2227,optimization,flt_2ph_shc,MainLn1-2,True
2228,optimization,flt_2ph_shc,MainLn1-2,True
2229,evaluation,flt_2ph_shc,MainLn1-2,True
2230,monitoring,flt_2ph_shc,MainLn10-11,True
2231,optimization,flt_2ph_shc,MainLn10-11,True
2232,optimization,flt_2ph_shc,MainLn10-11,True
2233,monitoring,flt_2ph_shc,MainLn10-11,True
2234,optimization,flt_2ph_shc,MainLn10-11,True
2235,optimization,flt_2ph_shc,MainLn12-13,True
2236,optimization,flt_2ph_shc,MainLn12-13,True
2237,optimization,flt_2ph_shc,MainLn12-13,True
2238,optimization,flt_2ph_shc,MainLn12-13,True
2239,monitoring,flt_2ph_shc,MainLn12-13,True
2240,monitoring,flt_2ph_shc,MainLn13-14,True
2241,optimization,flt_2ph_shc,MainLn13-14,True
2242,optimization,flt_2ph_shc,MainLn13-14,True
2243,optimization,flt_2ph_shc,MainLn13-14,True
2244,optimization,flt_2ph_shc,MainLn13-14,True
2245,monitoring,flt_2ph_shc,MainLn2-3,True
2246,optimization,flt_2ph_shc,MainLn2-3,True
2247,optimization,flt_2ph_shc,MainLn2-3,True
2248,optimization,flt_2ph_shc,MainLn2-3,True
2249,optimization,flt_2ph_shc,MainLn2-3,True
2250,optimization,flt_2ph_shc,MainLn3-4,True
2251,optimization,flt_2ph_shc,MainLn3-4,True
2252,evaluation,flt_2ph_shc,MainLn3-4,True
2253,optimization,flt_2ph_shc,MainLn3-4,True
2254,optimization,flt_2ph_shc,MainLn3-4,True
2255,optimization,flt_2ph_shc,MainLn3-8,True
2256,optimization,flt_2ph_shc,MainLn3-8,True
2257,optimization,flt_2ph_shc,MainLn3-8,True
2258,optimization,flt_2ph_shc,MainLn3-8,True
2259,optimization,flt_2ph_shc,MainLn3-8,True
2260,optimization,flt_2ph_shc,MainLn4-11,True
2261,optimization,flt_2ph_shc,MainLn4-11,True
2262,optimization,flt_2ph_shc,MainLn4-11,True
2263,optimization,flt_2ph_shc,MainLn4-11,True
2264,optimization,flt_2ph_shc,MainLn4-11,True
2265,optimization,flt_2ph_shc,MainLn4-5,True
2266,optimization,flt_2ph_shc,MainLn4-5,True
2267,optimization,flt_2ph_shc,MainLn4-5,True
2268,optimization,flt_2ph_shc,MainLn4-5,True
2269,optimization,flt_2ph_shc,MainLn4-5,True
2270,optimization,flt_2ph_shc,MainLn5-6,True
2271,optimization,flt_2ph_shc,MainLn5-6,True
2272,optimization,flt_2ph_shc,MainLn5-6,True
2273,optimization,flt_2ph_shc,MainLn5-6,True
2274,optimization,flt_2ph_shc,MainLn5-6,True
2275,optimization,flt_2ph_shc,MainLn6-7,True
2276,evaluation,flt_2ph_shc,MainLn6-7,True
2277,optimization,flt_2ph_shc,MainLn6-7,True
2278,optimization,flt_2ph_shc,MainLn6-7,True
2279,evaluation,flt_2ph_shc,MainLn6-7,True
2280,optimization,flt_2ph_shc,MainLn7-8,True
2281,optimization,flt_2ph_shc,MainLn7-8,True
2282,optimization,flt_2ph_shc,MainLn7-8,True
2283,optimization,flt_2ph_shc,MainLn7-8,True
2284,optimization,flt_2ph_shc,MainLn7-8,True
2285,monitoring,flt_2ph_shc,MainLn8-14,True
2286,optimization,flt_2ph_shc,MainLn8-14,True
2287,optimization,flt_2ph_shc,MainLn8-14,True
2288,optimization,flt_2ph_shc,MainLn8-14,True
2289,optimization,flt_2ph_shc,MainLn8-14,True
2290,optimization,flt_2ph_shc,MainLn8-9,True
2291,optimization,flt_2ph_shc,MainLn8-9,True
2292,optimization,flt_2ph_shc,MainLn8-9,True
2293,optimization,flt_2ph_shc,MainLn8-9,True
2294,monitoring,flt_2ph_shc,MainLn8-9,True
2295,evaluation,flt_2ph_shc,MainLn9-10,True
2296,optimization,flt_2ph_shc,MainLn9-10,True
2297,optimization,flt_2ph_shc,MainLn9-10,True
2298,optimization,flt_2ph_shc,MainLn9-10,True
2299,optimization,flt_2ph_shc,MainLn9-10,True
2300,optimization,flt_2ph_shc,MainBus1,True
2301,optimization,flt_2ph_shc,MainBus10,True
2302,optimization,flt_2ph_shc,MainBus11,True
2303,optimization,flt_2ph_shc,MainBus12,True
2304,monitoring,flt_2ph_shc,MainBus13,True
2305,optimization,flt_2ph_shc,MainBus14,True
2306,optimization,flt_2ph_shc,MainBus2,True
2307,optimization,flt_2ph_shc,MainBus3,True
2308,optimization,flt_2ph_shc,MainBus4,True
2309,optimization,flt_2ph_shc,MainBus5,True
2310,evaluation,flt_2ph_shc,MainBus6,True
2311,optimization,flt_2ph_shc,MainBus7,True
2312,optimization,flt_2ph_shc,MainBus8,True
2313,optimization,flt_2ph_shc,MainBus9,True
2314,optimization,flt_2ph_shc,MainLn1-2,True
2315,optimization,flt_2ph_shc,MainLn1-2,True
2316,optimization,flt_2ph_shc,MainLn1-2,True
2317,optimization,flt_2ph_shc,MainLn1-2,True
2318,optimization,flt_2ph_shc,MainLn1-2,True
2319,optimization,flt_2ph_shc,MainLn10-11,True
2320,optimization,flt_2ph_shc,MainLn10-11,True
2321,optimization,flt_2ph_shc,MainLn10-11,True
2322,optimization,flt_2ph_shc,MainLn10-11,True
2323,optimization,flt_2ph_shc,MainLn10-11,True
2324,optimization,flt_2ph_shc,MainLn12-13,True
2325,evaluation,flt_2ph_shc,MainLn12-13,True
2326,optimization,flt_2ph_shc,MainLn12-13,True
2327,optimization,flt_2ph_shc,MainLn12-13,True
2328,optimization,flt_2ph_shc,MainLn12-13,True
2329,optimization,flt_2ph_shc,MainLn13-14,True
2330,optimization,flt_2ph_shc,MainLn13-14,True
2331,optimization,flt_2ph_shc,MainLn13-14,True
2332,monitoring,flt_2ph_shc,MainLn13-14,True
2333,optimization,flt_2ph_shc,MainLn13-14,True
2334,optimization,flt_2ph_shc,MainLn2-3,True
2335,optimization,flt_2ph_shc,MainLn2-3,True
2336,optimization,flt_2ph_shc,MainLn2-3,True
2337,optimization,flt_2ph_shc,MainLn2-3,True
2338,optimization,flt_2ph_shc,MainLn2-3,True
2339,optimization,flt_2ph_shc,MainLn3-4,True
2340,optimization,flt_2ph_shc,MainLn3-4,True
2341,evaluation,flt_2ph_shc,MainLn3-4,True
2342,monitoring,flt_2ph_shc,MainLn3-4,True
2343,monitoring,flt_2ph_shc,MainLn3-4,True
2344,optimization,flt_2ph_shc,MainLn3-8,True
2345,optimization,flt_2ph_shc,MainLn3-8,True
2346,optimization,flt_2ph_shc,MainLn3-8,True
2347,optimization,flt_2ph_shc,MainLn3-8,True
2348,monitoring,flt_2ph_shc,MainLn3-8,True
2349,optimization,flt_2ph_shc,MainLn4-11,True
2350,optimization,flt_2ph_shc,MainLn4-11,True
2351,monitoring,flt_2ph_shc,MainLn4-11,True
2352,optimization,flt_2ph_shc,MainLn4-11,True
2353,optimization,flt_2ph_shc,MainLn4-11,True
2354,monitoring,flt_2ph_shc,MainLn4-5,True
2355,optimization,flt_2ph_shc,MainLn4-5,True
2356,optimization,flt_2ph_shc,MainLn4-5,True
2357,optimization,flt_2ph_shc,MainLn4-5,True
2358,optimization,flt_2ph_shc,MainLn4-5,True
2359,optimization,flt_2ph_shc,MainLn5-6,True
2360,optimization,flt_2ph_shc,MainLn5-6,True
2361,optimization,flt_2ph_shc,MainLn5-6,True
2362,optimization,flt_2ph_shc,MainLn5-6,True
2363,optimization,flt_2ph_shc,MainLn5-6,True
2364,optimization,flt_2ph_shc,MainLn6-7,True
2365,optimization,flt_2ph_shc,MainLn6-7,True
2366,monitoring,flt_2ph_shc,MainLn6-7,True
2367,optimization,flt_2ph_shc,MainLn6-7,True
2368,optimization,flt_2ph_shc,MainLn6-7,True
2369,optimization,flt_2ph_shc,MainLn7-8,True
2370,optimization,flt_2ph_shc,MainLn7-8,True
2371,optimization,flt_2ph_shc,MainLn7-8,True
2372,optimization,flt_2ph_shc,MainLn7-8,True
2373,optimization,flt_2ph_shc,MainLn7-8,True
2374,evaluation,flt_2ph_shc,MainLn8-14,True
2375,optimization,flt_2ph_shc,MainLn8-14,True
2376,optimization,flt_2ph_shc,MainLn8-14,True
2377,optimization,flt_2ph_shc,MainLn8-14,True
2378,optimization,flt_2ph_shc,MainLn8-14,True
2379,optimization,flt_2ph_shc,MainLn8-9,True
2380,optimization,flt_2ph_shc,MainLn8-9,True
2381,optimization,flt_2ph_shc,MainLn8-9,True
2382,optimization,flt_2ph_shc,MainLn8-9,True
2383,optimization,flt_2ph_shc,MainLn8-9,True
2384,optimization,flt_2ph_shc,MainLn9-10,True
2385,optimization,flt_2ph_shc,MainLn9-10,True
2386,optimization,flt_2ph_shc,MainLn9-10,True
2387,optimization,flt_2ph_shc,MainLn9-10,True
2388,evaluation,flt_2ph_shc,MainLn9-10,True
2389,optimization,flt_2ph_shc,MainBus1,True
2390,monitoring,flt_2ph_shc,MainBus10,True
2391,optimization,flt_2ph_shc,MainBus11,True
2392,optimization,flt_2ph_shc,MainBus12,True
2393,optimization,flt_2ph_shc,MainBus13,True
2394,monitoring,flt_2ph_shc,MainBus14,True
2395,optimization,flt_2ph_shc,MainBus2,True
2396,optimization,flt_2ph_shc,MainBus3,True
2397,optimization,flt_2ph_shc,MainBus4,True
2398,optimization,flt_2ph_shc,MainBus5,True
2399,evaluation,flt_2ph_shc,MainBus6,True
2400,optimization,flt_2ph_shc,MainBus7,True
2401,optimization,flt_2ph_shc,MainBus8,True
2402,optimization,flt_2ph_shc,MainBus9,True
2403,optimization,flt_2phg_shc,MainLn1-2,True
2404,evaluation,flt_2phg_shc,MainLn1-2,True
2405,optimization,flt_2phg_shc,MainLn1-2,True
2406,optimization,flt_2phg_shc,MainLn1-2,True
2407,optimization,flt_2phg_shc,MainLn1-2,True
2408,optimization,flt_2phg_shc,MainLn10-11,True
2409,optimization,flt_2phg_shc,MainLn10-11,True
2410,optimization,flt_2phg_shc,MainLn10-11,True
2411,monitoring,flt_2phg_shc,MainLn10-11,True
2412,optimization,flt_2phg_shc,MainLn10-11,True
2413,optimization,flt_2phg_shc,MainLn12-13,True
2414,optimization,flt_2phg_shc,MainLn12-13,True
2415,optimization,flt_2phg_shc,MainLn12-13,True
2416,optimization,flt_2phg_shc,MainLn12-13,True
2417,optimization,flt_2phg_shc,MainLn12-13,True
2418,optimization,flt_2phg_shc,MainLn13-14,True
2419,optimization,flt_2phg_shc,MainLn13-14,True
2420,optimization,flt_2phg_shc,MainLn13-14,True
2421,optimization,flt_2phg_shc,MainLn13-14,True
2422,optimization,flt_2phg_shc,MainLn13-14,True
2423,optimization,flt_2phg_shc,MainLn2-3,True
2424,monitoring,flt_2phg_shc,MainLn2-3,True
2425,optimization,flt_2phg_shc,MainLn2-3,True
2426,optimization,flt_2phg_shc,MainLn2-3,True
2427,optimization,flt_2phg_shc,MainLn2-3,True
2428,monitoring,flt_2phg_shc,MainLn3-4,True
2429,optimization,flt_2phg_shc,MainLn3-4,True
2430,monitoring,flt_2phg_shc,MainLn3-4,True
2431,optimization,flt_2phg_shc,MainLn3-4,True
2432,optimization,flt_2phg_shc,MainLn3-4,True
2433,optimization,flt_2phg_shc,MainLn3-8,True
2434,optimization,flt_2phg_shc,MainLn3-8,True
2435,optimization,flt_2phg_shc,MainLn3-8,True
2436,optimization,flt_2phg_shc,MainLn3-8,True
2437,optimization,flt_2phg_shc,MainLn3-8,True
2438,optimization,flt_2phg_shc,MainLn4-11,True
2439,optimization,flt_2phg_shc,MainLn4-11,True
2440,optimization,flt_2phg_shc,MainLn4-11,True
2441,optimization,flt_2phg_shc,MainLn4-11,True
2442,optimization,flt_2phg_shc,MainLn4-11,True
2443,optimization,flt_2phg_shc,MainLn4-5,True
2444,optimization,flt_2phg_shc,MainLn4-5,True
2445,optimization,flt_2phg_shc,MainLn4-5,True
2446,evaluation,flt_2phg_shc,MainLn4-5,True
2447,optimization,flt_2phg_shc,MainLn4-5,True
2448,optimization,flt_2phg_shc,MainLn5-6,True
2449,optimization,flt_2phg_shc,MainLn5-6,True
2450,evaluation,flt_2phg_shc,MainLn5-6,True
2451,optimization,flt_2phg_shc,MainLn5-6,True
2452,optimization,flt_2phg_shc,MainLn5-6,True
2453,optimization,flt_2phg_shc,MainLn6-7,True
2454,optimization,flt_2phg_shc,MainLn6-7,True
2455,optimization,flt_2phg_shc,MainLn6-7,True
2456,optimization,flt_2phg_shc,MainLn6-7,True
2457,optimization,flt_2phg_shc,MainLn6-7,True
2458,optimization,flt_2phg_shc,MainLn7-8,True
2459,optimization,flt_2phg_shc,MainLn7-8,True
2460,optimization,flt_2phg_shc,MainLn7-8,True
2461,optimization,flt_2phg_shc,MainLn7-8,True
2462,optimization,flt_2phg_shc,MainLn7-8,True
2463,optimization,flt_2phg_shc,MainLn8-14,True
2464,optimization,flt_2phg_shc,MainLn8-14,True
2465,optimization,flt_2phg_shc,MainLn8-14,True
2466,optimization,flt_2phg_shc,MainLn8-14,True
2467,optimization,flt_2phg_shc,MainLn8-14,True
2468,monitoring,flt_2phg_shc,MainLn8-9,True
2469,optimization,flt_2phg_shc,MainLn8-9,True
2470,optimization,flt_2phg_shc,MainLn8-9,True
2471,optimization,flt_2phg_shc,MainLn8-9,True
2472,optimization,flt_2phg_shc,MainLn8-9,True
2473,optimization,flt_2phg_shc,MainLn9-10,True
2474,optimization,flt_2phg_shc,MainLn9-10,True
2475,optimization,flt_2phg_shc,MainLn9-10,True
2476,optimization,flt_2phg_shc,MainLn9-10,True
2477,optimization,flt_2phg_shc,MainLn9-10,True
2478,evaluation,flt_2phg_shc,MainBus1,True
2479,optimization,flt_2phg_shc,MainBus10,True
2480,evaluation,flt_2phg_shc,MainBus11,True
2481,monitoring,flt_2phg_shc,MainBus12,True
2482,optimization,flt_2phg_shc,MainBus13,True
2483,evaluation,flt_2phg_shc,MainBus14,True
2484,evaluation,flt_2phg_shc,MainBus2,True
2485,optimization,flt_2phg_shc,MainBus3,True
2486,optimization,flt_2phg_shc,MainBus4,True
2487,optimization,flt_2phg_shc,MainBus5,True
2488,optimization,flt_2phg_shc,MainBus6,True
2489,optimization,flt_2phg_shc,MainBus7,True
2490,optimization,flt_2phg_shc,MainBus8,True
2491,optimization,flt_2phg_shc,MainBus9,True
2492,optimization,flt_2phg_shc,MainLn1-2,True
2493,optimization,flt_2phg_shc,MainLn1-2,True
2494,optimization,flt_2phg_shc,MainLn1-2,True
2495,optimization,flt_2phg_shc,MainLn1-2,True
2496,monitoring,flt_2phg_shc,MainLn1-2,True
2497,optimization,flt_2phg_shc,MainLn10-11,True
2498,optimization,flt_2phg_shc,MainLn10-11,True
2499,optimization,flt_2phg_shc,MainLn10-11,True
2500,optimization,flt_2phg_shc,MainLn10-11,True
2501,optimization,flt_2phg_shc,MainLn10-11,True
2502,optimization,flt_2phg_shc,MainLn12-13,True
2503,optimization,flt_2phg_shc,MainLn12-13,True
2504,optimization,flt_2phg_shc,MainLn12-13,True
2505,optimization,flt_2phg_shc,MainLn12-13,True
2506,optimization,flt_2phg_shc,MainLn12-13,True
2507,optimization,flt_2phg_shc,MainLn13-14,True
2508,optimization,flt_2phg_shc,MainLn13-14,True
2509,evaluation,flt_2phg_shc,MainLn13-14,True
2510,optimization,flt_2phg_shc,MainLn13-14,True
2511,optimization,flt_2phg_shc,MainLn13-14,True
2512,optimization,flt_2phg_shc,MainLn2-3,True
2513,optimization,flt_2phg_shc,MainLn2-3,True
2514,optimization,flt_2phg_shc,MainLn2-3,True
2515,optimization,flt_2phg_shc,MainLn2-3,True
2516,monitoring,flt_2phg_shc,MainLn2-3,True
2517,optimization,flt_2phg_shc,MainLn3-4,True
2518,optimization,flt_2phg_shc,MainLn3-4,True
2519,optimization,flt_2phg_shc,MainLn3-4,True
2520,optimization,flt_2phg_shc,MainLn3-4,True
2521,optimization,flt_2phg_shc,MainLn3-4,True
2522,monitoring,flt_2phg_shc,MainLn3-8,True
2523,optimization,flt_2phg_shc,MainLn3-8,True
2524,optimization,flt_2phg_shc,MainLn3-8,True
2525,optimization,flt_2phg_shc,MainLn3-8,True
2526,monitoring,flt_2phg_shc,MainLn3-8,True
2527,optimization,flt_2phg_shc,MainLn4-11,True
2528,optimization,flt_2phg_shc,MainLn4-11,True
2529,optimization,flt_2phg_shc,MainLn4-11,True
2530,optimization,flt_2phg_shc,MainLn4-11,True
2531,optimization,flt_2phg_shc,MainLn4-11,True
2532,optimization,flt_2phg_shc,MainLn4-5,True
2533,optimization,flt_2phg_shc,MainLn4-5,True
2534,optimization,flt_2phg_shc,MainLn4-5,True
2535,optimization,flt_2phg_shc,MainLn4-5,True
2536,optimization,flt_2phg_shc,MainLn4-5,True
2537,optimization,flt_2phg_shc,MainLn5-6,True
2538,optimization,flt_2phg_shc,MainLn5-6,True
2539,optimization,flt_2phg_shc,MainLn5-6,True
2540,optimization,flt_2phg_shc,MainLn5-6,True
2541,optimization,flt_2phg_shc,MainLn5-6,True
2542,optimization,flt_2phg_shc,MainLn6-7,True
2543,monitoring,flt_2phg_shc,MainLn6-7,True
2544,optimization,flt_2phg_shc,MainLn6-7,True
2545,optimization,flt_2phg_shc,MainLn6-7,True
2546,optimization,flt_2phg_shc,MainLn6-7,True
2547,monitoring,flt_2phg_shc,MainLn7-8,True
2548,optimization,flt_2phg_shc,MainLn7-8,True
2549,optimization,flt_2phg_shc,MainLn7-8,True
2550,optimization,flt_2phg_shc,MainLn7-8,True
2551,optimization,flt_2phg_shc,MainLn7-8,True
2552,monitoring,flt_2phg_shc,MainLn8-14,True
2553,monitoring,flt_2phg_shc,MainLn8-14,True
2554,optimization,flt_2phg_shc,MainLn8-14,True
2555,optimization,flt_2phg_shc,MainLn8-14,True
2556,optimization,flt_2phg_shc,MainLn8-14,True
2557,optimization,flt_2phg_shc,MainLn8-9,True
2558,monitoring,flt_2phg_shc,MainLn8-9,True
2559,optimization,flt_2phg_shc,MainLn8-9,True
2560,optimization,flt_2phg_shc,MainLn8-9,True
2561,optimization,flt_2phg_shc,MainLn8-9,True
2562,evaluation,flt_2phg_shc,MainLn9-10,True
2563,optimization,flt_2phg_shc,MainLn9-10,True
2564,evaluation,flt_2phg_shc,MainLn9-10,True
2565,optimization,flt_2phg_shc,MainLn9-10,True
2566,optimization,flt_2phg_shc,MainLn9-10,True
2567,optimization,flt_2phg_shc,MainBus1,True
2568,optimization,flt_2phg_shc,MainBus10,True
2569,optimization,flt_2phg_shc,MainBus11,True
2570,optimization,flt_2phg_shc,MainBus12,True
2571,optimization,flt_2phg_shc,MainBus13,True
2572,optimization,flt_2phg_shc,MainBus14,True
2573,optimization,flt_2phg_shc,MainBus2,True
2574,optimization,flt_2phg_shc,MainBus3,True
2575,optimization,flt_2phg_shc,MainBus4,True
2576,optimization,flt_2phg_shc,MainBus5,True
2577,optimization,flt_2phg_shc,MainBus6,True
2578,optimization,flt_2phg_shc,MainBus7,True
2579,optimization,flt_2phg_shc,MainBus8,True
2580,optimization,flt_2phg_shc,MainBus9,True
2581,monitoring,flt_2phg_shc,MainLn1-2,True
2582,optimization,flt_2phg_shc,MainLn1-2,True
2583,optimization,flt_2phg_shc,MainLn1-2,True
2584,evaluation,flt_2phg_shc,MainLn1-2,True
2585,optimization,flt_2phg_shc,MainLn1-2,True
2586,monitoring,flt_2phg_shc,MainLn10-11,True
2587,optimization,flt_2phg_shc,MainLn10-11,True
2588,optimization,flt_2phg_shc,MainLn10-11,True
2589,evaluation,flt_2phg_shc,MainLn10-11,True
2590,optimization,flt_2phg_shc,MainLn10-11,True
2591,evaluation,flt_2phg_shc,MainLn12-13,True
2592,optimization,flt_2phg_shc,MainLn12-13,True
2593,optimization,flt_2phg_shc,MainLn12-13,True
2594,optimization,flt_2phg_shc,MainLn12-13,True
2595,optimization,flt_2phg_shc,MainLn12-13,True
2596,optimization,flt_2phg_shc,MainLn13-14,True
2597,optimization,flt_2phg_shc,MainLn13-14,True
2598,optimization,flt_2phg_shc,MainLn13-14,True
2599,optimization,flt_2phg_shc,MainLn13-14,True
2600,optimization,flt_2phg_shc,MainLn13-14,True
2601,optimization,flt_2phg_shc,MainLn2-3,True
2602,optimization,flt_2phg_shc,MainLn2-3,True
2603,optimization,flt_2phg_shc,MainLn2-3,True
2604,monitoring,flt_2phg_shc,MainLn2-3,True
2605,optimization,flt_2phg_shc,MainLn2-3,True
2606,optimization,flt_2phg_shc,MainLn3-4,True
2607,evaluation,flt_2phg_shc,MainLn3-4,True
2608,optimization,flt_2phg_shc,MainLn3-4,True
2609,optimization,flt_2phg_shc,MainLn3-4,True
2610,optimization,flt_2phg_shc,MainLn3-4,True
2611,monitoring,flt_2phg_shc,MainLn3-8,True
2612,monitoring,flt_2phg_shc,MainLn3-8,True
2613,optimization,flt_2phg_shc,MainLn3-8,True
2614,optimization,flt_2phg_shc,MainLn3-8,True
2615,optimization,flt_2phg_shc,MainLn3-8,True
2616,optimization,flt_2phg_shc,MainLn4-11,True
2617,optimization,flt_2phg_shc,MainLn4-11,True
2618,optimization,flt_2phg_shc,MainLn4-11,True
2619,optimization,flt_2phg_shc,MainLn4-11,True
2620,optimization,flt_2phg_shc,MainLn4-11,True
2621,optimization,flt_2phg_shc,MainLn4-5,True
2622,optimization,flt_2phg_shc,MainLn4-5,True
2623,monitoring,flt_2phg_shc,MainLn4-5,True
2624,optimization,flt_2phg_shc,MainLn4-5,True
2625,optimization,flt_2phg_shc,MainLn4-5,True
2626,optimization,flt_2phg_shc,MainLn5-6,True
2627,optimization,flt_2phg_shc,MainLn5-6,True
2628,optimization,flt_2phg_shc,MainLn5-6,True
2629,optimization,flt_2phg_shc,MainLn5-6,True
2630,optimization,flt_2phg_shc,MainLn5-6,True
2631,optimization,flt_2phg_shc,MainLn6-7,True
2632,optimization,flt_2phg_shc,MainLn6-7,True
2633,optimization,flt_2phg_shc,MainLn6-7,True
2634,optimization,flt_2phg_shc,MainLn6-7,True
2635,optimization,flt_2phg_shc,MainLn6-7,True
2636,optimization,flt_2phg_shc,MainLn7-8,True
2637,monitoring,flt_2phg_shc,MainLn7-8,True
2638,optimization,flt_2phg_shc,MainLn7-8,True
2639,monitoring,flt_2phg_shc,MainLn7-8,True
2640,optimization,flt_2phg_shc,MainLn7-8,True
2641,optimization,flt_2phg_shc,MainLn8-14,True
2642,monitoring,flt_2phg_shc,MainLn8-14,True
2643,optimization,flt_2phg_shc,MainLn8-14,True
2644,optimization,flt_2phg_shc,MainLn8-14,True
2645,optimization,flt_2phg_shc,MainLn8-14,True
2646,optimization,flt_2phg_shc,MainLn8-9,True
2647,optimization,flt_2phg_shc,MainLn8-9,True
2648,optimization,flt_2phg_shc,MainLn8-9,True
2649,optimization,flt_2phg_shc,MainLn8-9,True
2650,optimization,flt_2phg_shc,MainLn8-9,True
2651,optimization,flt_2phg_shc,MainLn9-10,True
2652,evaluation,flt_2phg_shc,MainLn9-10,True
2653,optimization,flt_2phg_shc,MainLn9-10,True
2654,evaluation,flt_2phg_shc,MainLn9-10,True
2655,optimization,flt_2phg_shc,MainLn9-10,True
2656,monitoring,flt_2phg_shc,MainBus1,True
2657,optimization,flt_2phg_shc,MainBus10,True
2658,optimization,flt_2phg_shc,MainBus11,True
2659,optimization,flt_2phg_shc,MainBus12,True
2660,optimization,flt_2phg_shc,MainBus13,True
2661,optimization,flt_2phg_shc,MainBus14,True
2662,optimization,flt_2phg_shc,MainBus2,True
2663,evaluation,flt_2phg_shc,MainBus3,True
2664,optimization,flt_2phg_shc,MainBus4,True
2665,optimization,flt_2phg_shc,MainBus5,True
2666,optimization,flt_2phg_shc,MainBus6,True
2667,optimization,flt_2phg_shc,MainBus7,True
2668,optimization,flt_2phg_shc,MainBus8,True
2669,optimization,flt_2phg_shc,MainBus9,True
2670,optimization,flt_2phg_shc,MainLn1-2,True
2671,optimization,flt_2phg_shc,MainLn1-2,True
2672,monitoring,flt_2phg_shc,MainLn1-2,True
2673,monitoring,flt_2phg_shc,MainLn1-2,True
2674,monitoring,flt_2phg_shc,MainLn1-2,True
2675,optimization,flt_2phg_shc,MainLn10-11,True
2676,optimization,flt_2phg_shc,MainLn10-11,True
2677,optimization,flt_2phg_shc,MainLn10-11,True
2678,optimization,flt_2phg_shc,MainLn10-11,True
2679,optimization,flt_2phg_shc,MainLn10-11,True
2680,optimization,flt_2phg_shc,MainLn12-13,True
2681,optimization,flt_2phg_shc,MainLn12-13,True
2682,optimization,flt_2phg_shc,MainLn12-13,True
2683,evaluation,flt_2phg_shc,MainLn12-13,True
2684,optimization,flt_2phg_shc,MainLn12-13,True
2685,optimization,flt_2phg_shc,MainLn13-14,True
2686,optimization,flt_2phg_shc,MainLn13-14,True
2687,optimization,flt_2phg_shc,MainLn13-14,True
2688,optimization,flt_2phg_shc,MainLn13-14,True
2689,evaluation,flt_2phg_shc,MainLn13-14,True
2690,monitoring,flt_2phg_shc,MainLn2-3,True
2691,optimization,flt_2phg_shc,MainLn2-3,True
2692,optimization,flt_2phg_shc,MainLn2-3,True
2693,optimization,flt_2phg_shc,MainLn2-3,True
2694,optimization,flt_2phg_shc,MainLn2-3,True
2695,optimization,flt_2phg_shc,MainLn3-4,True
2696,optimization,flt_2phg_shc,MainLn3-4,True
2697,optimization,flt_2phg_shc,MainLn3-4,True
2698,optimization,flt_2phg_shc,MainLn3-4,True
2699,evaluation,flt_2phg_shc,MainLn3-4,True
2700,optimization,flt_2phg_shc,MainLn3-8,True
2701,optimization,flt_2phg_shc,MainLn3-8,True
2702,optimization,flt_2phg_shc,MainLn3-8,True
2703,optimization,flt_2phg_shc,MainLn3-8,True
2704,optimization,flt_2phg_shc,MainLn3-8,True
2705,optimization,flt_2phg_shc,MainLn4-11,True
2706,optimization,flt_2phg_shc,MainLn4-11,True
2707,optimization,flt_2phg_shc,MainLn4-11,True
2708,optimization,flt_2phg_shc,MainLn4-11,True
2709,optimization,flt_2phg_shc,MainLn4-11,True
2710,optimization,flt_2phg_shc,MainLn4-5,True
2711,optimization,flt_2phg_shc,MainLn4-5,True
2712,optimization,flt_2phg_shc,MainLn4-5,True
2713,optimization,flt_2phg_shc,MainLn4-5,True
2714,optimization,flt_2phg_shc,MainLn4-5,True
2715,evaluation,flt_2phg_shc,MainLn5-6,True
2716,optimization,flt_2phg_shc,MainLn5-6,True
2717,optimization,flt_2phg_shc,MainLn5-6,True
2718,optimization,flt_2phg_shc,MainLn5-6,True
2719,optimization,flt_2phg_shc,MainLn5-6,True
2720,optimization,flt_2phg_shc,MainLn6-7,True
2721,optimization,flt_2phg_shc,MainLn6-7,True
2722,optimization,flt_2phg_shc,MainLn6-7,True
2723,optimization,flt_2phg_shc,MainLn6-7,True
2724,monitoring,flt_2phg_shc,MainLn6-7,True
2725,optimization,flt_2phg_shc,MainLn7-8,True
2726,optimization,flt_2phg_shc,MainLn7-8,True
2727,optimization,flt_2phg_shc,MainLn7-8,True
2728,optimization,flt_2phg_shc,MainLn7-8,True
2729,optimization,flt_2phg_shc,MainLn7-8,True
2730,optimization,flt_2phg_shc,MainLn8-14,True
2731,optimization,flt_2phg_shc,MainLn8-14,True
2732,optimization,flt_2phg_shc,MainLn8-14,True
2733,optimization,flt_2phg_shc,MainLn8-14,True
2734,optimization,flt_2phg_shc,MainLn8-14,True
2735,monitoring,flt_2phg_shc,MainLn8-9,True
2736,optimization,flt_2phg_shc,MainLn8-9,True
2737,optimization,flt_2phg_shc,MainLn8-9,True
2738,optimization,flt_2phg_shc,MainLn8-9,True
2739,optimization,flt_2phg_shc,MainLn8-9,True
2740,evaluation,flt_2phg_shc,MainLn9-10,True
2741,optimization,flt_2phg_shc,MainLn9-10,True
2742,optimization,flt_2phg_shc,MainLn9-10,True
2743,optimization,flt_2phg_shc,MainLn9-10,True
2744,optimization,flt_2phg_shc,MainLn9-10,True
2745,optimization,flt_2phg_shc,MainBus1,True
2746,optimization,flt_2phg_shc,MainBus10,True
2747,optimization,flt_2phg_shc,MainBus11,True
2748,monitoring,flt_2phg_shc,MainBus12,True
2749,optimization,flt_2phg_shc,MainBus13,True
2750,optimization,flt_2phg_shc,MainBus14,True
2751,optimization,flt_2phg_shc,MainBus2,True
2752,optimization,flt_2phg_shc,MainBus3,True
2753,optimization,flt_2phg_shc,MainBus4,True
2754,optimization,flt_2phg_shc,MainBus5,True
2755,evaluation,flt_2phg_shc,MainBus6,True
2756,optimization,flt_2phg_shc,MainBus7,True
2757,optimization,flt_2phg_shc,MainBus8,True
2758,optimization,flt_2phg_shc,MainBus9,True
2759,optimization,flt_2phg_shc,MainLn1-2,True
2760,optimization,flt_2phg_shc,MainLn1-2,True
2761,monitoring,flt_2phg_shc,MainLn1-2,True
2762,optimization,flt_2phg_shc,MainLn1-2,True
2763,monitoring,flt_2phg_shc,MainLn1-2,True
2764,optimization,flt_2phg_shc,MainLn10-11,True
2765,optimization,flt_2phg_shc,MainLn10-11,True
2766,optimization,flt_2phg_shc,MainLn10-11,True
2767,optimization,flt_2phg_shc,MainLn10-11,True
2768,optimization,flt_2phg_shc,MainLn10-11,True
2769,optimization,flt_2phg_shc,MainLn12-13,True
2770,evaluation,flt_2phg_shc,MainLn12-13,True
2771,optimization,flt_2phg_shc,MainLn12-13,True
2772,optimization,flt_2phg_shc,MainLn12-13,True
2773,optimization,flt_2phg_shc,MainLn12-13,True
2774,optimization,flt_2phg_shc,MainLn13-14,True
2775,optimization,flt_2phg_shc,MainLn13-14,True
2776,optimization,flt_2phg_shc,MainLn13-14,True
2777,optimization,flt_2phg_shc,MainLn13-14,True
2778,optimization,flt_2phg_shc,MainLn13-14,True
2779,optimization,flt_2phg_shc,MainLn2-3,True
2780,optimization,flt_2phg_shc,MainLn2-3,True
2781,optimization,flt_2phg_shc,MainLn2-3,True
2782,optimization,flt_2phg_shc,MainLn2-3,True
2783,optimization,flt_2phg_shc,MainLn2-3,True
2784,optimization,flt_2phg_shc,MainLn3-4,True
2785,optimization,flt_2phg_shc,MainLn3-4,True
2786,optimization,flt_2phg_shc,MainLn3-4,True
2787,optimization,flt_2phg_shc,MainLn3-4,True
2788,optimization,flt_2phg_shc,MainLn3-4,True
2789,optimization,flt_2phg_shc,MainLn3-8,True
2790,optimization,flt_2phg_shc,MainLn3-8,True
2791,optimization,flt_2phg_shc,MainLn3-8,True
2792,optimization,flt_2phg_shc,MainLn3-8,True
2793,optimization,flt_2phg_shc,MainLn3-8,True
2794,optimization,flt_2phg_shc,MainLn4-11,True
2795,optimization,flt_2phg_shc,MainLn4-11,True
2796,optimization,flt_2phg_shc,MainLn4-11,True
2797,optimization,flt_2phg_shc,MainLn4-11,True
2798,optimization,flt_2phg_shc,MainLn4-11,True
2799,optimization,flt_2phg_shc,MainLn4-5,True
2800,optimization,flt_2phg_shc,MainLn4-5,True
2801,optimization,flt_2phg_shc,MainLn4-5,True
2802,optimization,flt_2phg_shc,MainLn4-5,True
2803,optimization,flt_2phg_shc,MainLn4-5,True
2804,optimization,flt_2phg_shc,MainLn5-6,True
2805,optimization,flt_2phg_shc,MainLn5-6,True
2806,optimization,flt_2phg_shc,MainLn5-6,True
2807,monitoring,flt_2phg_shc,MainLn5-6,True
2808,optimization,flt_2phg_shc,MainLn5-6,True
2809,optimization,flt_2phg_shc,MainLn6-7,True
2810,optimization,flt_2phg_shc,MainLn6-7,True
2811,optimization,flt_2phg_shc,MainLn6-7,True
2812,optimization,flt_2phg_shc,MainLn6-7,True
2813,optimization,flt_2phg_shc,MainLn6-7,True
2814,optimization,flt_2phg_shc,MainLn7-8,True
2815,optimization,flt_2phg_shc,MainLn7-8,True
2816,optimization,flt_2phg_shc,MainLn7-8,True
2817,optimization,flt_2phg_shc,MainLn7-8,True
2818,optimization,flt_2phg_shc,MainLn7-8,True
2819,optimization,flt_2phg_shc,MainLn8-14,True
2820,optimization,flt_2phg_shc,MainLn8-14,True
2821,optimization,flt_2phg_shc,MainLn8-14,True
2822,evaluation,flt_2phg_shc,MainLn8-14,True
2823,optimization,flt_2phg_shc,MainLn8-14,True
2824,optimization,flt_2phg_shc,MainLn8-9,True
2825,optimization,flt_2phg_shc,MainLn8-9,True
2826,optimization,flt_2phg_shc,MainLn8-9,True
2827,optimization,flt_2phg_shc,MainLn8-9,True
2828,optimization,flt_2phg_shc,MainLn8-9,True
2829,evaluation,flt_2phg_shc,MainLn9-10,True
2830,optimization,flt_2phg_shc,MainLn9-10,True
2831,optimization,flt_2phg_shc,MainLn9-10,True
2832,optimization,flt_2phg_shc,MainLn9-10,True
2833,optimization,flt_2phg_shc,MainLn9-10,True
2834,optimization,flt_2phg_shc,MainBus1,True
2835,optimization,flt_2phg_shc,MainBus10,True
2836,optimization,flt_2phg_shc,MainBus11,True
2837,optimization,flt_2phg_shc,MainBus12,True
2838,monitoring,flt_2phg_shc,MainBus13,True
2839,optimization,flt_2phg_shc,MainBus14,True
2840,optimization,flt_2phg_shc,MainBus2,True
2841,optimization,flt_2phg_shc,MainBus3,True
2842,optimization,flt_2phg_shc,MainBus4,True
2843,optimization,flt_2phg_shc,MainBus5,True
2844,optimization,flt_2phg_shc,MainBus6,True
2845,optimization,flt_2phg_shc,MainBus7,True
2846,monitoring,flt_2phg_shc,MainBus8,True
2847,optimization,flt_2phg_shc,MainBus9,True
2848,optimization,flt_2phg_shc,MainLn1-2,True
2849,optimization,flt_2phg_shc,MainLn1-2,True
2850,optimization,flt_2phg_shc,MainLn1-2,True
2851,optimization,flt_2phg_shc,MainLn1-2,True
2852,optimization,flt_2phg_shc,MainLn1-2,True
2853,optimization,flt_2phg_shc,MainLn10-11,True
2854,optimization,flt_2phg_shc,MainLn10-11,True
2855,evaluation,flt_2phg_shc,MainLn10-11,True
2856,optimization,flt_2phg_shc,MainLn10-11,True
2857,optimization,flt_2phg_shc,MainLn10-11,True
2858,optimization,flt_2phg_shc,MainLn12-13,True
2859,optimization,flt_2phg_shc,MainLn12-13,True
2860,optimization,flt_2phg_shc,MainLn12-13,True
2861,optimization,flt_2phg_shc,MainLn12-13,True
2862,optimization,flt_2phg_shc,MainLn12-13,True
2863,optimization,flt_2phg_shc,MainLn13-14,True
2864,monitoring,flt_2phg_shc,MainLn13-14,True
2865,optimization,flt_2phg_shc,MainLn13-14,True
2866,optimization,flt_2phg_shc,MainLn13-14,True
2867,evaluation,flt_2phg_shc,MainLn13-14,True
2868,optimization,flt_2phg_shc,MainLn2-3,True
2869,optimization,flt_2phg_shc,MainLn2-3,True
2870,optimization,flt_2phg_shc,MainLn2-3,True
2871,optimization,flt_2phg_shc,MainLn2-3,True
2872,optimization,flt_2phg_shc,MainLn2-3,True
2873,optimization,flt_2phg_shc,MainLn3-4,True
2874,optimization,flt_2phg_shc,MainLn3-4,True
2875,optimization,flt_2phg_shc,MainLn3-4,True
2876,monitoring,flt_2phg_shc,MainLn3-4,True
2877,monitoring,flt_2phg_shc,MainLn3-4,True
2878,optimization,flt_2phg_shc,MainLn3-8,True
2879,optimization,flt_2phg_shc,MainLn3-8,True
2880,optimization,flt_2phg_shc,MainLn3-8,True
2881,optimization,flt_2phg_shc,MainLn3-8,True
2882,monitoring,flt_2phg_shc,MainLn3-8,True
2883,optimization,flt_2phg_shc,MainLn4-11,True
2884,optimization,flt_2phg_shc,MainLn4-11,True
2885,monitoring,flt_2phg_shc,MainLn4-11,True
2886,optimization,flt_2phg_shc,MainLn4-11,True
2887,optimization,flt_2phg_shc,MainLn4-11,True
2888,optimization,flt_2phg_shc,MainLn4-5,True
2889,optimization,flt_2phg_shc,MainLn4-5,True
2890,monitoring,flt_2phg_shc,MainLn4-5,True
2891,optimization,flt_2phg_shc,MainLn4-5,True
2892,optimization,flt_2phg_shc,MainLn4-5,True
2893,evaluation,flt_2phg_shc,MainLn5-6,True
2894,evaluation,flt_2phg_shc,MainLn5-6,True
2895,optimization,flt_2phg_shc,MainLn5-6,True
2896,optimization,flt_2phg_shc,MainLn5-6,True
2897,monitoring,flt_2phg_shc,MainLn5-6,True
2898,monitoring,flt_2phg_shc,MainLn6-7,True
2899,optimization,flt_2phg_shc,MainLn6-7,True
2900,optimization,flt_2phg_shc,MainLn6-7,True
2901,optimization,flt_2phg_shc,MainLn6-7,True
2902,optimization,flt_2phg_shc,MainLn6-7,True
2903,monitoring,flt_2phg_shc,MainLn7-8,True
2904,optimization,flt_2phg_shc,MainLn7-8,True
2905,optimization,flt_2phg_shc,MainLn7-8,True
2906,optimization,flt_2phg_shc,MainLn7-8,True
2907,optimization,flt_2phg_shc,MainLn7-8,True
2908,optimization,flt_2phg_shc,MainLn8-14,True
2909,optimization,flt_2phg_shc,MainLn8-14,True
2910,optimization,flt_2phg_shc,MainLn8-14,True
2911,optimization,flt_2phg_shc,MainLn8-14,True
2912,optimization,flt_2phg_shc,MainLn8-14,True
2913,optimization,flt_2phg_shc,MainLn8-9,True
2914,optimization,flt_2phg_shc,MainLn8-9,True
2915,optimization,flt_2phg_shc,MainLn8-9,True
2916,optimization,flt_2phg_shc,MainLn8-9,True
2917,optimization,flt_2phg_shc,MainLn8-9,True
2918,optimization,flt_2phg_shc,MainLn9-10,True
2919,optimization,flt_2phg_shc,MainLn9-10,True
2920,optimization,flt_2phg_shc,MainLn9-10,True
2921,optimization,flt_2phg_shc,MainLn9-10,True
2922,optimization,flt_2phg_shc,MainLn9-10,True
2923,optimization,flt_2phg_shc,MainBus1,True
2924,optimization,flt_2phg_shc,MainBus10,True
2925,optimization,flt_2phg_shc,MainBus11,True
2926,optimization,flt_2phg_shc,MainBus12,True
2927,monitoring,flt_2phg_shc,MainBus13,True
2928,optimization,flt_2phg_shc,MainBus14,True
2929,monitoring,flt_2phg_shc,MainBus2,True
2930,optimization,flt_2phg_shc,MainBus3,True
2931,optimization,flt_2phg_shc,MainBus4,True
2932,optimization,flt_2phg_shc,MainBus5,True
2933,monitoring,flt_2phg_shc,MainBus6,True
2934,optimization,flt_2phg_shc,MainBus7,True
2935,optimization,flt_2phg_shc,MainBus8,True
2936,optimization,flt_2phg_shc,MainBus9,True
2937,optimization,flt_2phg_shc,MainLn1-2,True
2938,optimization,flt_2phg_shc,MainLn1-2,True
2939,optimization,flt_2phg_shc,MainLn1-2,True
2940,monitoring,flt_2phg_shc,MainLn1-2,True
2941,optimization,flt_2phg_shc,MainLn1-2,True
2942,optimization,flt_2phg_shc,MainLn10-11,True
2943,monitoring,flt_2phg_shc,MainLn10-11,True
2944,monitoring,flt_2phg_shc,MainLn10-11,True
2945,monitoring,flt_2phg_shc,MainLn10-11,True
2946,optimization,flt_2phg_shc,MainLn10-11,True
2947,monitoring,flt_2phg_shc,MainLn12-13,True
2948,monitoring,flt_2phg_shc,MainLn12-13,True
2949,optimization,flt_2phg_shc,MainLn12-13,True
2950,optimization,flt_2phg_shc,MainLn12-13,True
2951,optimization,flt_2phg_shc,MainLn12-13,True
2952,optimization,flt_2phg_shc,MainLn13-14,True
2953,monitoring,flt_2phg_shc,MainLn13-14,True
2954,optimization,flt_2phg_shc,MainLn13-14,True
2955,optimization,flt_2phg_shc,MainLn13-14,True
2956,optimization,flt_2phg_shc,MainLn13-14,True
2957,optimization,flt_2phg_shc,MainLn2-3,True
2958,optimization,flt_2phg_shc,MainLn2-3,True
2959,optimization,flt_2phg_shc,MainLn2-3,True
2960,optimization,flt_2phg_shc,MainLn2-3,True
2961,monitoring,flt_2phg_shc,MainLn2-3,True
2962,optimization,flt_2phg_shc,MainLn3-4,True
2963,optimization,flt_2phg_shc,MainLn3-4,True
2964,optimization,flt_2phg_shc,MainLn3-4,True
2965,optimization,flt_2phg_shc,MainLn3-4,True
2966,optimization,flt_2phg_shc,MainLn3-4,True
2967,optimization,flt_2phg_shc,MainLn3-8,True
2968,optimization,flt_2phg_shc,MainLn3-8,True
2969,monitoring,flt_2phg_shc,MainLn3-8,True
2970,optimization,flt_2phg_shc,MainLn3-8,True
2971,optimization,flt_2phg_shc,MainLn3-8,True
2972,optimization,flt_2phg_shc,MainLn4-11,True
2973,optimization,flt_2phg_shc,MainLn4-11,True
2974,optimization,flt_2phg_shc,MainLn4-11,True
2975,optimization,flt_2phg_shc,MainLn4-11,True
2976,optimization,flt_2phg_shc,MainLn4-11,True
2977,optimization,flt_2phg_shc,MainLn4-5,True
2978,optimization,flt_2phg_shc,MainLn4-5,True
2979,optimization,flt_2phg_shc,MainLn4-5,True
2980,optimization,flt_2phg_shc,MainLn4-5,True
2981,optimization,flt_2phg_shc,MainLn4-5,True
2982,optimization,flt_2phg_shc,MainLn5-6,True
2983,optimization,flt_2phg_shc,MainLn5-6,True
2984,optimization,flt_2phg_shc,MainLn5-6,True
2985,optimization,flt_2phg_shc,MainLn5-6,True
2986,optimization,flt_2phg_shc,MainLn5-6,True
2987,optimization,flt_2phg_shc,MainLn6-7,True
2988,evaluation,flt_2phg_shc,MainLn6-7,True
2989,optimization,flt_2phg_shc,MainLn6-7,True
2990,optimization,flt_2phg_shc,MainLn6-7,True
2991,optimization,flt_2phg_shc,MainLn6-7,True
2992,evaluation,flt_2phg_shc,MainLn7-8,True
2993,optimization,flt_2phg_shc,MainLn7-8,True
2994,optimization,flt_2phg_shc,MainLn7-8,True
2995,optimization,flt_2phg_shc,MainLn7-8,True
2996,evaluation,flt_2phg_shc,MainLn7-8,True
2997,optimization,flt_2phg_shc,MainLn8-14,True
2998,optimization,flt_2phg_shc,MainLn8-14,True
2999,optimization,flt_2phg_shc,MainLn8-14,True
3000,monitoring,flt_2phg_shc,MainLn8-14,True
3001,optimization,flt_2phg_shc,MainLn8-14,True
3002,optimization,flt_2phg_shc,MainLn8-9,True
3003,optimization,flt_2phg_shc,MainLn8-9,True
3004,optimization,flt_2phg_shc,MainLn8-9,True
3005,optimization,flt_2phg_shc,MainLn8-9,True
3006,monitoring,flt_2phg_shc,MainLn8-9,True
3007,optimization,flt_2phg_shc,MainLn9-10,True
3008,optimization,flt_2phg_shc,MainLn9-10,True
3009,optimization,flt_2phg_shc,MainLn9-10,True
3010,optimization,flt_2phg_shc,MainLn9-10,True
3011,optimization,flt_2phg_shc,MainLn9-10,True
3012,optimization,flt_2phg_shc,MainBus1,True
3013,optimization,flt_2phg_shc,MainBus10,True
3014,monitoring,flt_2phg_shc,MainBus11,True
3015,evaluation,flt_2phg_shc,MainBus12,True
3016,optimization,flt_2phg_shc,MainBus13,True
3017,optimization,flt_2phg_shc,MainBus14,True
3018,optimization,flt_2phg_shc,MainBus2,True
3019,optimization,flt_2phg_shc,MainBus3,True
3020,optimization,flt_2phg_shc,MainBus4,True
3021,optimization,flt_2phg_shc,MainBus5,True
3022,monitoring,flt_2phg_shc,MainBus6,True
3023,optimization,flt_2phg_shc,MainBus7,True
3024,optimization,flt_2phg_shc,MainBus8,True
3025,monitoring,flt_2phg_shc,MainBus9,True
3026,optimization,flt_2phg_shc,MainLn1-2,True
3027,monitoring,flt_2phg_shc,MainLn1-2,True
3028,optimization,flt_2phg_shc,MainLn1-2,True
3029,optimization,flt_2phg_shc,MainLn1-2,True
3030,optimization,flt_2phg_shc,MainLn1-2,True
3031,optimization,flt_2phg_shc,MainLn10-11,True
3032,optimization,flt_2phg_shc,MainLn10-11,True
3033,optimization,flt_2phg_shc,MainLn10-11,True
3034,optimization,flt_2phg_shc,MainLn10-11,True
3035,optimization,flt_2phg_shc,MainLn10-11,True
3036,optimization,flt_2phg_shc,MainLn12-13,True
3037,optimization,flt_2phg_shc,MainLn12-13,True
3038,optimization,flt_2phg_shc,MainLn12-13,True
3039,optimization,flt_2phg_shc,MainLn12-13,True
3040,optimization,flt_2phg_shc,MainLn12-13,True
3041,optimization,flt_2phg_shc,MainLn13-14,True
3042,optimization,flt_2phg_shc,MainLn13-14,True
3043,optimization,flt_2phg_shc,MainLn13-14,True
3044,optimization,flt_2phg_shc,MainLn13-14,True
3045,optimization,flt_2phg_shc,MainLn13-14,True
3046,optimization,flt_2phg_shc,MainLn2-3,True
3047,monitoring,flt_2phg_shc,MainLn2-3,True
3048,optimization,flt_2phg_shc,MainLn2-3,True
3049,optimization,flt_2phg_shc,MainLn2-3,True
3050,optimization,flt_2phg_shc,MainLn2-3,True
3051,optimization,flt_2phg_shc,MainLn3-4,True
3052,optimization,flt_2phg_shc,MainLn3-4,True
3053,optimization,flt_2phg_shc,MainLn3-4,True
3054,optimization,flt_2phg_shc,MainLn3-4,True
3055,optimization,flt_2phg_shc,MainLn3-4,True
3056,optimization,flt_2phg_shc,MainLn3-8,True
3057,optimization,flt_2phg_shc,MainLn3-8,True
3058,evaluation,flt_2phg_shc,MainLn3-8,True
3059,optimization,flt_2phg_shc,MainLn3-8,True
3060,optimization,flt_2phg_shc,MainLn3-8,True
3061,evaluation,flt_2phg_shc,MainLn4-11,True
3062,optimization,flt_2phg_shc,MainLn4-11,True
3063,monitoring,flt_2phg_shc,MainLn4-11,True
3064,optimization,flt_2phg_shc,MainLn4-11,True
3065,optimization,flt_2phg_shc,MainLn4-11,True
3066,optimization,flt_2phg_shc,MainLn4-5,True
3067,optimization,flt_2phg_shc,MainLn4-5,True
3068,optimization,flt_2phg_shc,MainLn4-5,True
3069,optimization,flt_2phg_shc,MainLn4-5,True
3070,monitoring,flt_2phg_shc,MainLn4-5,True
3071,optimization,flt_2phg_shc,MainLn5-6,True
3072,optimization,flt_2phg_shc,MainLn5-6,True
3073,optimization,flt_2phg_shc,MainLn5-6,True
3074,monitoring,flt_2phg_shc,MainLn5-6,True
3075,optimization,flt_2phg_shc,MainLn5-6,True
3076,monitoring,flt_2phg_shc,MainLn6-7,True
3077,optimization,flt_2phg_shc,MainLn6-7,True
3078,optimization,flt_2phg_shc,MainLn6-7,True
3079,optimization,flt_2phg_shc,MainLn6-7,True
3080,optimization,flt_2phg_shc,MainLn6-7,True
3081,optimization,flt_2phg_shc,MainLn7-8,True
3082,optimization,flt_2phg_shc,MainLn7-8,True
3083,optimization,flt_2phg_shc,MainLn7-8,True
3084,optimization,flt_2phg_shc,MainLn7-8,True
3085,evaluation,flt_2phg_shc,MainLn7-8,True
3086,optimization,flt_2phg_shc,MainLn8-14,True
3087,optimization,flt_2phg_shc,MainLn8-14,True
3088,optimization,flt_2phg_shc,MainLn8-14,True
3089,monitoring,flt_2phg_shc,MainLn8-14,True
3090,monitoring,flt_2phg_shc,MainLn8-14,True
3091,optimization,flt_2phg_shc,MainLn8-9,True
3092,optimization,flt_2phg_shc,MainLn8-9,True
3093,optimization,flt_2phg_shc,MainLn8-9,True
3094,optimization,flt_2phg_shc,MainLn8-9,True
3095,optimization,flt_2phg_shc,MainLn8-9,True
3096,optimization,flt_2phg_shc,MainLn9-10,True
3097,optimization,flt_2phg_shc,MainLn9-10,True
3098,optimization,flt_2phg_shc,MainLn9-10,True
3099,optimization,flt_2phg_shc,MainLn9-10,True
3100,monitoring,flt_2phg_shc,MainLn9-10,True
3101,optimization,flt_2phg_shc,MainBus1,True
3102,optimization,flt_2phg_shc,MainBus10,True
3103,optimization,flt_2phg_shc,MainBus11,True
3104,monitoring,flt_2phg_shc,MainBus12,True
3105,optimization,flt_2phg_shc,MainBus13,True
3106,optimization,flt_2phg_shc,MainBus14,True
3107,optimization,flt_2phg_shc,MainBus2,True
3108,optimization,flt_2phg_shc,MainBus3,True
3109,monitoring,flt_2phg_shc,MainBus4,True
3110,optimization,flt_2phg_shc,MainBus5,True
3111,optimization,flt_2phg_shc,MainBus6,True
3112,optimization,flt_2phg_shc,MainBus7,True
3113,optimization,flt_2phg_shc,MainBus8,True
3114,optimization,flt_2phg_shc,MainBus9,True
3115,optimization,flt_2phg_shc,MainLn1-2,True
3116,optimization,flt_2phg_shc,MainLn1-2,True
3117,optimization,flt_2phg_shc,MainLn1-2,True
3118,optimization,flt_2phg_shc,MainLn1-2,True
3119,optimization,flt_2phg_shc,MainLn1-2,True
3120,optimization,flt_2phg_shc,MainLn10-11,True
3121,optimization,flt_2phg_shc,MainLn10-11,True
3122,optimization,flt_2phg_shc,MainLn10-11,True
3123,optimization,flt_2phg_shc,MainLn10-11,True
3124,optimization,flt_2phg_shc,MainLn10-11,True
3125,optimization,flt_2phg_shc,MainLn12-13,True
3126,optimization,flt_2phg_shc,MainLn12-13,True
3127,optimization,flt_2phg_shc,MainLn12-13,True
3128,optimization,flt_2phg_shc,MainLn12-13,True
3129,optimization,flt_2phg_shc,MainLn12-13,True
3130,optimization,flt_2phg_shc,MainLn13-14,True
3131,optimization,flt_2phg_shc,MainLn13-14,True
3132,optimization,flt_2phg_shc,MainLn13-14,True
3133,optimization,flt_2phg_shc,MainLn13-14,True
3134,optimization,flt_2phg_shc,MainLn13-14,True
3135,monitoring,flt_2phg_shc,MainLn2-3,True
3136,monitoring,flt_2phg_shc,MainLn2-3,True
3137,optimization,flt_2phg_shc,MainLn2-3,True
3138,optimization,flt_2phg_shc,MainLn2-3,True
3139,optimization,flt_2phg_shc,MainLn2-3,True
3140,monitoring,flt_2phg_shc,MainLn3-4,True
3141,optimization,flt_2phg_shc,MainLn3-4,True
3142,optimization,flt_2phg_shc,MainLn3-4,True
3143,optimization,flt_2phg_shc,MainLn3-4,True
3144,monitoring,flt_2phg_shc,MainLn3-4,True
3145,optimization,flt_2phg_shc,MainLn3-8,True
3146,optimization,flt_2phg_shc,MainLn3-8,True
3147,optimization,flt_2phg_shc,MainLn3-8,True
3148,optimization,flt_2phg_shc,MainLn3-8,True
3149,optimization,flt_2phg_shc,MainLn3-8,True
3150,optimization,flt_2phg_shc,MainLn4-11,True
3151,optimization,flt_2phg_shc,MainLn4-11,True
3152,optimization,flt_2phg_shc,MainLn4-11,True
3153,optimization,flt_2phg_shc,MainLn4-11,True
3154,optimization,flt_2phg_shc,MainLn4-11,True
3155,optimization,flt_2phg_shc,MainLn4-5,True
3156,optimization,flt_2phg_shc,MainLn4-5,True
3157,optimization,flt_2phg_shc,MainLn4-5,True
3158,optimization,flt_2phg_shc,MainLn4-5,True
3159,optimization,flt_2phg_shc,MainLn4-5,True
3160,optimization,flt_2phg_shc,MainLn5-6,True
3161,optimization,flt_2phg_shc,MainLn5-6,True
3162,optimization,flt_2phg_shc,MainLn5-6,True
3163,optimization,flt_2phg_shc,MainLn5-6,True
3164,optimization,flt_2phg_shc,MainLn5-6,True
3165,optimization,flt_2phg_shc,MainLn6-7,True
3166,optimization,flt_2phg_shc,MainLn6-7,True
3167,optimization,flt_2phg_shc,MainLn6-7,True
3168,optimization,flt_2phg_shc,MainLn6-7,True
3169,monitoring,flt_2phg_shc,MainLn6-7,True
3170,optimization,flt_2phg_shc,MainLn7-8,True
3171,optimization,flt_2phg_shc,MainLn7-8,True
3172,optimization,flt_2phg_shc,MainLn7-8,True
3173,monitoring,flt_2phg_shc,MainLn7-8,True
3174,optimization,flt_2phg_shc,MainLn7-8,True
3175,optimization,flt_2phg_shc,MainLn8-14,True
3176,optimization,flt_2phg_shc,MainLn8-14,True
3177,monitoring,flt_2phg_shc,MainLn8-14,True
3178,optimization,flt_2phg_shc,MainLn8-14,True
3179,monitoring,flt_2phg_shc,MainLn8-14,True
3180,evaluation,flt_2phg_shc,MainLn8-9,True
3181,evaluation,flt_2phg_shc,MainLn8-9,True
3182,monitoring,flt_2phg_shc,MainLn8-9,True
3183,optimization,flt_2phg_shc,MainLn8-9,True
3184,optimization,flt_2phg_shc,MainLn8-9,True
3185,optimization,flt_2phg_shc,MainLn9-10,True
3186,optimization,flt_2phg_shc,MainLn9-10,True
3187,optimization,flt_2phg_shc,MainLn9-10,True
3188,evaluation,flt_2phg_shc,MainLn9-10,True
3189,evaluation,flt_2phg_shc,MainLn9-10,True
3190,optimization,flt_2phg_shc,MainBus1,True
3191,optimization,flt_2phg_shc,MainBus10,True
3192,optimization,flt_2phg_shc,MainBus11,True
3193,optimization,flt_2phg_shc,MainBus12,True
3194,optimization,flt_2phg_shc,MainBus13,True
3195,optimization,flt_2phg_shc,MainBus14,True
3196,optimization,flt_2phg_shc,MainBus2,True
3197,optimization,flt_2phg_shc,MainBus3,True
3198,optimization,flt_2phg_shc,MainBus4,True
3199,optimization,flt_2phg_shc,MainBus5,True
3200,monitoring,flt_2phg_shc,MainBus6,True
3201,optimization,flt_2phg_shc,MainBus7,True
3202,optimization,flt_2phg_shc,MainBus8,True
3203,optimization,flt_2phg_shc,MainBus9,True
3204,optimization,flt_3ph_shc,MainLn1-2,True
3205,optimization,flt_3ph_shc,MainLn1-2,True
3206,evaluation,flt_3ph_shc,MainLn1-2,True
3207,optimization,flt_3ph_shc,MainLn1-2,True
3208,monitoring,flt_3ph_shc,MainLn1-2,True
3209,optimization,flt_3ph_shc,MainLn10-11,True
3210,optimization,flt_3ph_shc,MainLn10-11,True
3211,optimization,flt_3ph_shc,MainLn10-11,True
3212,optimization,flt_3ph_shc,MainLn10-11,True
3213,optimization,flt_3ph_shc,MainLn10-11,True
3214,optimization,flt_3ph_shc,MainLn12-13,True
3215,optimization,flt_3ph_shc,MainLn12-13,True
3216,optimization,flt_3ph_shc,MainLn12-13,True
3217,monitoring,flt_3ph_shc,MainLn12-13,True
3218,optimization,flt_3ph_shc,MainLn12-13,True
3219,monitoring,flt_3ph_shc,MainLn13-14,True
3220,optimization,flt_3ph_shc,MainLn13-14,True
3221,optimization,flt_3ph_shc,MainLn13-14,True
3222,optimization,flt_3ph_shc,MainLn13-14,True
3223,optimization,flt_3ph_shc,MainLn13-14,True
3224,optimization,flt_3ph_shc,MainLn2-3,True
3225,optimization,flt_3ph_shc,MainLn2-3,True
3226,monitoring,flt_3ph_shc,MainLn2-3,True
3227,optimization,flt_3ph_shc,MainLn2-3,True
3228,optimization,flt_3ph_shc,MainLn2-3,True
3229,optimization,flt_3ph_shc,MainLn3-4,True
3230,optimization,flt_3ph_shc,MainLn3-4,True
3231,optimization,flt_3ph_shc,MainLn3-4,True
3232,monitoring,flt_3ph_shc,MainLn3-4,True
3233,monitoring,flt_3ph_shc,MainLn3-4,True
3234,optimization,flt_3ph_shc,MainLn3-8,True
3235,optimization,flt_3ph_shc,MainLn3-8,True
3236,optimization,flt_3ph_shc,MainLn3-8,True
3237,optimization,flt_3ph_shc,MainLn3-8,True
3238,optimization,flt_3ph_shc,MainLn3-8,True
3239,optimization,flt_3ph_shc,MainLn4-11,True
3240,optimization,flt_3ph_shc,MainLn4-11,True
3241,optimization,flt_3ph_shc,MainLn4-11,True
3242,optimization,flt_3ph_shc,MainLn4-11,True
3243,optimization,flt_3ph_shc,MainLn4-11,True
3244,monitoring,flt_3ph_shc,MainLn4-5,True
3245,optimization,flt_3ph_shc,MainLn4-5,True
3246,optimization,flt_3ph_shc,MainLn4-5,True
3247,optimization,flt_3ph_shc,MainLn4-5,True
3248,optimization,flt_3ph_shc,MainLn4-5,True
3249,optimization,flt_3ph_shc,MainLn5-6,True
3250,optimization,flt_3ph_shc,MainLn5-6,True
3251,optimization,flt_3ph_shc,MainLn5-6,True
3252,optimization,flt_3ph_shc,MainLn5-6,True
3253,optimization,flt_3ph_shc,MainLn5-6,True
3254,optimization,flt_3ph_shc,MainLn6-7,True
3255,optimization,flt_3ph_shc,MainLn6-7,True
3256,optimization,flt_3ph_shc,MainLn6-7,True
3257,optimization,flt_3ph_shc,MainLn6-7,True
3258,optimization,flt_3ph_shc,MainLn6-7,True
3259,optimization,flt_3ph_shc,MainLn7-8,True
3260,optimization,flt_3ph_shc,MainLn7-8,True
3261,optimization,flt_3ph_shc,MainLn7-8,True
3262,monitoring,flt_3ph_shc,MainLn7-8,True
3263,optimization,flt_3ph_shc,MainLn7-8,True
3264,optimization,flt_3ph_shc,MainLn8-14,True
3265,monitoring,flt_3ph_shc,MainLn8-14,True
3266,optimization,flt_3ph_shc,MainLn8-14,True
3267,monitoring,flt_3ph_shc,MainLn8-14,True
3268,optimization,flt_3ph_shc,MainLn8-14,True
3269,evaluation,flt_3ph_shc,MainLn8-9,True
3270,optimization,flt_3ph_shc,MainLn8-9,True
3271,optimization,flt_3ph_shc,MainLn8-9,True
3272,monitoring,flt_3ph_shc,MainLn8-9,True
3273,optimization,flt_3ph_shc,MainLn8-9,True
3274,optimization,flt_3ph_shc,MainLn9-10,True
3275,optimization,flt_3ph_shc,MainLn9-10,True
3276,optimization,flt_3ph_shc,MainLn9-10,True
3277,monitoring,flt_3ph_shc,MainLn9-10,True
3278,optimization,flt_3ph_shc,MainLn9-10,True
3279,optimization,flt_3ph_shc,MainBus1,True
3280,optimization,flt_3ph_shc,MainBus10,True
3281,optimization,flt_3ph_shc,MainBus11,True
3282,optimization,flt_3ph_shc,MainBus12,True
3283,optimization,flt_3ph_shc,MainBus13,True
3284,optimization,flt_3ph_shc,MainBus14,True
3285,optimization,flt_3ph_shc,MainBus2,True
3286,optimization,flt_3ph_shc,MainBus3,True
3287,optimization,flt_3ph_shc,MainBus4,True
3288,optimization,flt_3ph_shc,MainBus5,True
3289,optimization,flt_3ph_shc,MainBus6,True
3290,optimization,flt_3ph_shc,MainBus7,True
3291,monitoring,flt_3ph_shc,MainBus8,True
3292,optimization,flt_3ph_shc,MainBus9,True
3293,monitoring,flt_3ph_shc,MainLn1-2,True
3294,optimization,flt_3ph_shc,MainLn1-2,True
3295,optimization,flt_3ph_shc,MainLn1-2,True
3296,optimization,flt_3ph_shc,MainLn1-2,True
3297,optimization,flt_3ph_shc,MainLn1-2,True
3298,optimization,flt_3ph_shc,MainLn10-11,True
3299,monitoring,flt_3ph_shc,MainLn10-11,True
3300,optimization,flt_3ph_shc,MainLn10-11,True
3301,optimization,flt_3ph_shc,MainLn10-11,True
3302,optimization,flt_3ph_shc,MainLn10-11,True
3303,optimization,flt_3ph_shc,MainLn12-13,True
3304,optimization,flt_3ph_shc,MainLn12-13,True
3305,optimization,flt_3ph_shc,MainLn12-13,True
3306,optimization,flt_3ph_shc,MainLn12-13,True
3307,evaluation,flt_3ph_shc,MainLn12-13,True
3308,optimization,flt_3ph_shc,MainLn13-14,True
3309,optimization,flt_3ph_shc,MainLn13-14,True
3310,optimization,flt_3ph_shc,MainLn13-14,True
3311,optimization,flt_3ph_shc,MainLn13-14,True
3312,optimization,flt_3ph_shc,MainLn13-14,True
3313,optimization,flt_3ph_shc,MainLn2-3,True
3314,optimization,flt_3ph_shc,MainLn2-3,True
3315,optimization,flt_3ph_shc,MainLn2-3,True
3316,optimization,flt_3ph_shc,MainLn2-3,True
3317,optimization,flt_3ph_shc,MainLn2-3,True
3318,optimization,flt_3ph_shc,MainLn3-4,True
3319,optimization,flt_3ph_shc,MainLn3-4,True
3320,optimization,flt_3ph_shc,MainLn3-4,True
3321,evaluation,flt_3ph_shc,MainLn3-4,True
3322,optimization,flt_3ph_shc,MainLn3-4,True
3323,monitoring,flt_3ph_shc,MainLn3-8,True
3324,optimization,flt_3ph_shc,MainLn3-8,True
3325,optimization,flt_3ph_shc,MainLn3-8,True
3326,optimization,flt_3ph_shc,MainLn3-8,True
3327,optimization,flt_3ph_shc,MainLn3-8,True
3328,evaluation,flt_3ph_shc,MainLn4-11,True
3329,optimization,flt_3ph_shc,MainLn4-11,True
3330,optimization,flt_3ph_shc,MainLn4-11,True
3331,optimization,flt_3ph_shc,MainLn4-11,True
3332,optimization,flt_3ph_shc,MainLn4-11,True
3333,optimization,flt_3ph_shc,MainLn4-5,True
3334,monitoring,flt_3ph_shc,MainLn4-5,True
3335,optimization,flt_3ph_shc,MainLn4-5,True
3336,optimization,flt_3ph_shc,MainLn4-5,True
3337,optimization,flt_3ph_shc,MainLn4-5,True
3338,optimization,flt_3ph_shc,MainLn5-6,True
3339,optimization,flt_3ph_shc,MainLn5-6,True
3340,optimization,flt_3ph_shc,MainLn5-6,True
3341,monitoring,flt_3ph_shc,MainLn5-6,True
3342,optimization,flt_3ph_shc,MainLn5-6,True
3343,optimization,flt_3ph_shc,MainLn6-7,True
3344,optimization,flt_3ph_shc,MainLn6-7,True
3345,optimization,flt_3ph_shc,MainLn6-7,True
3346,optimization,flt_3ph_shc,MainLn6-7,True
3347,optimization,flt_3ph_shc,MainLn6-7,True
3348,optimization,flt_3ph_shc,MainLn7-8,True
3349,optimization,flt_3ph_shc,MainLn7-8,True
3350,optimization,flt_3ph_shc,MainLn7-8,True
3351,monitoring,flt_3ph_shc,MainLn7-8,True
3352,optimization,flt_3ph_shc,MainLn7-8,True
3353,optimization,flt_3ph_shc,MainLn8-14,True
3354,optimization,flt_3ph_shc,MainLn8-14,True
3355,optimization,flt_3ph_shc,MainLn8-14,True
3356,optimization,flt_3ph_shc,MainLn8-14,True
3357,optimization,flt_3ph_shc,MainLn8-14,True
3358,optimization,flt_3ph_shc,MainLn8-9,True
3359,optimization,flt_3ph_shc,MainLn8-9,True
3360,optimization,flt_3ph_shc,MainLn8-9,True
3361,optimization,flt_3ph_shc,MainLn8-9,True
3362,optimization,flt_3ph_shc,MainLn8-9,True
3363,optimization,flt_3ph_shc,MainLn9-10,True
3364,optimization,flt_3ph_shc,MainLn9-10,True
3365,optimization,flt_3ph_shc,MainLn9-10,True
3366,monitoring,flt_3ph_shc,MainLn9-10,True
3367,monitoring,flt_3ph_shc,MainLn9-10,True
3368,optimization,flt_3ph_shc,MainBus1,True
3369,optimization,flt_3ph_shc,MainBus10,True
3370,optimization,flt_3ph_shc,MainBus11,True
3371,optimization,flt_3ph_shc,MainBus12,True
3372,optimization,flt_3ph_shc,MainBus13,True
3373,optimization,flt_3ph_shc,MainBus14,True
3374,monitoring,flt_3ph_shc,MainBus2,True
3375,optimization,flt_3ph_shc,MainBus3,True
3376,optimization,flt_3ph_shc,MainBus4,True
3377,optimization,flt_3ph_shc,MainBus5,True
3378,optimization,flt_3ph_shc,MainBus6,True
3379,optimization,flt_3ph_shc,MainBus7,True
3380,optimization,flt_3ph_shc,MainBus8,True
3381,optimization,flt_3ph_shc,MainBus9,True
3382,optimization,flt_3ph_shc,MainLn1-2,True
3383,optimization,flt_3ph_shc,MainLn1-2,True
3384,optimization,flt_3ph_shc,MainLn1-2,True
3385,optimization,flt_3ph_shc,MainLn1-2,True
3386,optimization,flt_3ph_shc,MainLn1-2,True
3387,optimization,flt_3ph_shc,MainLn10-11,True
3388,optimization,flt_3ph_shc,MainLn10-11,True
3389,optimization,flt_3ph_shc,MainLn10-11,True
3390,optimization,flt_3ph_shc,MainLn10-11,True
3391,optimization,flt_3ph_shc,MainLn10-11,True
3392,optimization,flt_3ph_shc,MainLn12-13,True
3393,optimization,flt_3ph_shc,MainLn12-13,True
3394,optimization,flt_3ph_shc,MainLn12-13,True
3395,optimization,flt_3ph_shc,MainLn12-13,True
3396,monitoring,flt_3ph_shc,MainLn12-13,True
3397,optimization,flt_3ph_shc,MainLn13-14,True
3398,optimization,flt_3ph_shc,MainLn13-14,True
3399,optimization,flt_3ph_shc,MainLn13-14,True
3400,optimization,flt_3ph_shc,MainLn13-14,True
3401,optimization,flt_3ph_shc,MainLn13-14,True
3402,optimization,flt_3ph_shc,MainLn2-3,True
3403,optimization,flt_3ph_shc,MainLn2-3,True
3404,optimization,flt_3ph_shc,MainLn2-3,True
3405,optimization,flt_3ph_shc,MainLn2-3,True
3406,optimization,flt_3ph_shc,MainLn2-3,True
3407,optimization,flt_3ph_shc,MainLn3-4,True
3408,optimization,flt_3ph_shc,MainLn3-4,True
3409,optimization,flt_3ph_shc,MainLn3-4,True
3410,optimization,flt_3ph_shc,MainLn3-4,True
3411,evaluation,flt_3ph_shc,MainLn3-4,True
3412,optimization,flt_3ph_shc,MainLn3-8,True
3413,optimization,flt_3ph_shc,MainLn3-8,True
3414,optimization,flt_3ph_shc,MainLn3-8,True
3415,evaluation,flt_3ph_shc,MainLn3-8,True
3416,optimization,flt_3ph_shc,MainLn3-8,True
3417,monitoring,flt_3ph_shc,MainLn4-11,True
3418,optimization,flt_3ph_shc,MainLn4-11,True
3419,optimization,flt_3ph_shc,MainLn4-11,True
3420,optimization,flt_3ph_shc,MainLn4-11,True
3421,monitoring,flt_3ph_shc,MainLn4-11,True
3422,optimization,flt_3ph_shc,MainLn4-5,True
3423,monitoring,flt_3ph_shc,MainLn4-5,True
3424,optimization,flt_3ph_shc,MainLn4-5,True
3425,optimization,flt_3ph_shc,MainLn4-5,True
3426,optimization,flt_3ph_shc,MainLn4-5,True
3427,monitoring,flt_3ph_shc,MainLn5-6,True
3428,optimization,flt_3ph_shc,MainLn5-6,True
3429,optimization,flt_3ph_shc,MainLn5-6,True
3430,optimization,flt_3ph_shc,MainLn5-6,True
3431,optimization,flt_3ph_shc,MainLn5-6,True
3432,optimization,flt_3ph_shc,MainLn6-7,True
3433,optimization,flt_3ph_shc,MainLn6-7,True
3434,optimization,flt_3ph_shc,MainLn6-7,True
3435,monitoring,flt_3ph_shc,MainLn6-7,True
3436,optimization,flt_3ph_shc,MainLn6-7,True
3437,optimization,flt_3ph_shc,MainLn7-8,True
3438,optimization,flt_3ph_shc,MainLn7-8,True
3439,optimization,flt_3ph_shc,MainLn7-8,True
3440,optimization,flt_3ph_shc,MainLn7-8,True
3441,optimization,flt_3ph_shc,MainLn7-8,True
3442,optimization,flt_3ph_shc,MainLn8-14,True
3443,optimization,flt_3ph_shc,MainLn8-14,True
3444,optimization,flt_3ph_shc,MainLn8-14,True
3445,optimization,flt_3ph_shc,MainLn8-14,True
3446,optimization,flt_3ph_shc,MainLn8-14,True
3447,optimization,flt_3ph_shc,MainLn8-9,True
3448,optimization,flt_3ph_shc,MainLn8-9,True
3449,monitoring,flt_3ph_shc,MainLn8-9,True
3450,optimization,flt_3ph_shc,MainLn8-9,True
3451,optimization,flt_3ph_shc,MainLn8-9,True
3452,optimization,flt_3ph_shc,MainLn9-10,True
3453,optimization,flt_3ph_shc,MainLn9-10,True
3454,monitoring,flt_3ph_shc,MainLn9-10,True
3455,optimization,flt_3ph_shc,MainLn9-10,True
3456,optimization,flt_3ph_shc,MainLn9-10,True
3457,optimization,flt_3ph_shc,MainBus1,True
3458,optimization,flt_3ph_shc,MainBus10,True
3459,optimization,flt_3ph_shc,MainBus11,True
3460,optimization,flt_3ph_shc,MainBus12,True
3461,optimization,flt_3ph_shc,MainBus13,True
3462,optimization,flt_3ph_shc,MainBus14,True
3463,optimization,flt_3ph_shc,MainBus2,True
3464,optimization,flt_3ph_shc,MainBus3,True
3465,optimization,flt_3ph_shc,MainBus4,True
3466,optimization,flt_3ph_shc,MainBus5,True
3467,optimization,flt_3ph_shc,MainBus6,True
3468,optimization,flt_3ph_shc,MainBus7,True
3469,optimization,flt_3ph_shc,MainBus8,True
3470,optimization,flt_3ph_shc,MainBus9,True
3471,evaluation,flt_3ph_shc,MainLn1-2,True
3472,optimization,flt_3ph_shc,MainLn1-2,True
3473,optimization,flt_3ph_shc,MainLn1-2,True
3474,optimization,flt_3ph_shc,MainLn1-2,True
3475,monitoring,flt_3ph_shc,MainLn1-2,True
3476,optimization,flt_3ph_shc,MainLn10-11,True
3477,optimization,flt_3ph_shc,MainLn10-11,True
3478,optimization,flt_3ph_shc,MainLn10-11,True
3479,monitoring,flt_3ph_shc,MainLn10-11,True
3480,optimization,flt_3ph_shc,MainLn10-11,True
3481,optimization,flt_3ph_shc,MainLn12-13,True
3482,optimization,flt_3ph_shc,MainLn12-13,True
3483,optimization,flt_3ph_shc,MainLn12-13,True
3484,optimization,flt_3ph_shc,MainLn12-13,True
3485,optimization,flt_3ph_shc,MainLn12-13,True
3486,optimization,flt_3ph_shc,MainLn13-14,True
3487,optimization,flt_3ph_shc,MainLn13-14,True
3488,evaluation,flt_3ph_shc,MainLn13-14,True
3489,optimization,flt_3ph_shc,MainLn13-14,True
3490,optimization,flt_3ph_shc,MainLn13-14,True
3491,optimization,flt_3ph_shc,MainLn2-3,True
3492,optimization,flt_3ph_shc,MainLn2-3,True
3493,monitoring,flt_3ph_shc,MainLn2-3,True
3494,optimization,flt_3ph_shc,MainLn2-3,True
3495,optimization,flt_3ph_shc,MainLn2-3,True
3496,optimization,flt_3ph_shc,MainLn3-4,True
3497,optimization,flt_3ph_shc,MainLn3-4,True
3498,optimization,flt_3ph_shc,MainLn3-4,True
3499,optimization,flt_3ph_shc,MainLn3-4,True
3500,optimization,flt_3ph_shc,MainLn3-4,True
3501,monitoring,flt_3ph_shc,MainLn3-8,True
3502,optimization,flt_3ph_shc,MainLn3-8,True
3503,optimization,flt_3ph_shc,MainLn3-8,True
3504,optimization,flt_3ph_shc,MainLn3-8,True
3505,optimization,flt_3ph_shc,MainLn3-8,True
3506,monitoring,flt_3ph_shc,MainLn4-11,True
3507,optimization,flt_3ph_shc,MainLn4-11,True
3508,optimization,flt_3ph_shc,MainLn4-11,True
3509,optimization,flt_3ph_shc,MainLn4-11,True
3510,optimization,flt_3ph_shc,MainLn4-11,True
3511,optimization,flt_3ph_shc,MainLn4-5,True
3512,monitoring,flt_3ph_shc,MainLn4-5,True
3513,monitoring,flt_3ph_shc,MainLn4-5,True
3514,optimization,flt_3ph_shc,MainLn4-5,True
3515,optimization,flt_3ph_shc,MainLn4-5,True
3516,optimization,flt_3ph_shc,MainLn5-6,True
3517,optimization,flt_3ph_shc,MainLn5-6,True
3518,optimization,flt_3ph_shc,MainLn5-6,True
3519,evaluation,flt_3ph_shc,MainLn5-6,True
3520,optimization,flt_3ph_shc,MainLn5-6,True
3521,optimization,flt_3ph_shc,MainLn6-7,True
3522,monitoring,flt_3ph_shc,MainLn6-7,True
3523,optimization,flt_3ph_shc,MainLn6-7,True
3524,monitoring,flt_3ph_shc,MainLn6-7,True
3525,monitoring,flt_3ph_shc,MainLn6-7,True
3526,optimization,flt_3ph_shc,MainLn7-8,True
3527,optimization,flt_3ph_shc,MainLn7-8,True
3528,optimization,flt_3ph_shc,MainLn7-8,True
3529,optimization,flt_3ph_shc,MainLn7-8,True
3530,optimization,flt_3ph_shc,MainLn7-8,True
3531,optimization,flt_3ph_shc,MainLn8-14,True
3532,evaluation,flt_3ph_shc,MainLn8-14,True
3533,optimization,flt_3ph_shc,MainLn8-14,True
3534,optimization,flt_3ph_shc,MainLn8-14,True
3535,optimization,flt_3ph_shc,MainLn8-14,True
3536,optimization,flt_3ph_shc,MainLn8-9,True
3537,monitoring,flt_3ph_shc,MainLn8-9,True
3538,monitoring,flt_3ph_shc,MainLn8-9,True
3539,optimization,flt_3ph_shc,MainLn8-9,True
3540,optimization,flt_3ph_shc,MainLn8-9,True
3541,optimization,flt_3ph_shc,MainLn9-10,True
3542,optimization,flt_3ph_shc,MainLn9-10,True
3543,optimization,flt_3ph_shc,MainLn9-10,True
3544,optimization,flt_3ph_shc,MainLn9-10,True
3545,optimization,flt_3ph_shc,MainLn9-10,True
3546,optimization,flt_3ph_shc,MainBus1,True
3547,optimization,flt_3ph_shc,MainBus10,True
3548,optimization,flt_3ph_shc,MainBus11,True
3549,optimization,flt_3ph_shc,MainBus12,True
3550,optimization,flt_3ph_shc,MainBus13,True
3551,optimization,flt_3ph_shc,MainBus14,True
3552,optimization,flt_3ph_shc,MainBus2,True
3553,optimization,flt_3ph_shc,MainBus3,True
3554,optimization,flt_3ph_shc,MainBus4,True
3555,optimization,flt_3ph_shc,MainBus5,True
3556,optimization,flt_3ph_shc,MainBus6,True
3557,optimization,flt_3ph_shc,MainBus7,True
3558,optimization,flt_3ph_shc,MainBus8,True
3559,monitoring,flt_3ph_shc,MainBus9,True
3560,optimization,flt_3ph_shc,MainLn1-2,True
3561,optimization,flt_3ph_shc,MainLn1-2,True
3562,optimization,flt_3ph_shc,MainLn1-2,True
3563,monitoring,flt_3ph_shc,MainLn1-2,True
3564,optimization,flt_3ph_shc,MainLn1-2,True
3565,optimization,flt_3ph_shc,MainLn10-11,True
3566,optimization,flt_3ph_shc,MainLn10-11,True
3567,optimization,flt_3ph_shc,MainLn10-11,True
3568,optimization,flt_3ph_shc,MainLn10-11,True
3569,optimization,flt_3ph_shc,MainLn10-11,True
3570,evaluation,flt_3ph_shc,MainLn12-13,True
3571,evaluation,flt_3ph_shc,MainLn12-13,True
3572,evaluation,flt_3ph_shc,MainLn12-13,True
3573,optimization,flt_3ph_shc,MainLn12-13,True
3574,optimization,flt_3ph_shc,MainLn12-13,True
3575,optimization,flt_3ph_shc,MainLn13-14,True
3576,optimization,flt_3ph_shc,MainLn13-14,True
3577,optimization,flt_3ph_shc,MainLn13-14,True
3578,optimization,flt_3ph_shc,MainLn13-14,True
3579,optimization,flt_3ph_shc,MainLn13-14,True
3580,optimization,flt_3ph_shc,MainLn2-3,True
3581,optimization,flt_3ph_shc,MainLn2-3,True
3582,monitoring,flt_3ph_shc,MainLn2-3,True
3583,optimization,flt_3ph_shc,MainLn2-3,True
3584,optimization,flt_3ph_shc,MainLn2-3,True
3585,evaluation,flt_3ph_shc,MainLn3-4,True
3586,optimization,flt_3ph_shc,MainLn3-4,True
3587,optimization,flt_3ph_shc,MainLn3-4,True
3588,optimization,flt_3ph_shc,MainLn3-4,True
3589,optimization,flt_3ph_shc,MainLn3-4,True
3590,optimization,flt_3ph_shc,MainLn3-8,True
3591,optimization,flt_3ph_shc,MainLn3-8,True
3592,optimization,flt_3ph_shc,MainLn3-8,True
3593,optimization,flt_3ph_shc,MainLn3-8,True
3594,optimization,flt_3ph_shc,MainLn3-8,True
3595,optimization,flt_3ph_shc,MainLn4-11,True
3596,monitoring,flt_3ph_shc,MainLn4-11,True
3597,evaluation,flt_3ph_shc,MainLn4-11,True
3598,optimization,flt_3ph_shc,MainLn4-11,True
3599,optimization,flt_3ph_shc,MainLn4-11,True
3600,evaluation,flt_3ph_shc,MainLn4-5,True
3601,monitoring,flt_3ph_shc,MainLn4-5,True
3602,optimization,flt_3ph_shc,MainLn4-5,True
3603,optimization,flt_3ph_shc,MainLn4-5,True
3604,optimization,flt_3ph_shc,MainLn4-5,True
3605,optimization,flt_3ph_shc,MainLn5-6,True
3606,optimization,flt_3ph_shc,MainLn5-6,True
3607,optimization,flt_3ph_shc,MainLn5-6,True
3608,optimization,flt_3ph_shc,MainLn5-6,True
3609,optimization,flt_3ph_shc,MainLn5-6,True
3610,optimization,flt_3ph_shc,MainLn6-7,True
3611,optimization,flt_3ph_shc,MainLn6-7,True
3612,optimization,flt_3ph_shc,MainLn6-7,True
3613,optimization,flt_3ph_shc,MainLn6-7,True
3614,optimization,flt_3ph_shc,MainLn6-7,True
3615,optimization,flt_3ph_shc,MainLn7-8,True
3616,optimization,flt_3ph_shc,MainLn7-8,True
3617,optimization,flt_3ph_shc,MainLn7-8,True
3618,optimization,flt_3ph_shc,MainLn7-8,True
3619,optimization,flt_3ph_shc,MainLn7-8,True
3620,optimization,flt_3ph_shc,MainLn8-14,True
3621,optimization,flt_3ph_shc,MainLn8-14,True
3622,monitoring,flt_3ph_shc,MainLn8-14,True
3623,optimization,flt_3ph_shc,MainLn8-14,True
3624,optimization,flt_3ph_shc,MainLn8-14,True
3625,optimization,flt_3ph_shc,MainLn8-9,True
3626,optimization,flt_3ph_shc,MainLn8-9,True
3627,optimization,flt_3ph_shc,MainLn8-9,True
3628,optimization,flt_3ph_shc,MainLn8-9,True
3629,optimization,flt_3ph_shc,MainLn8-9,True
3630,optimization,flt_3ph_shc,MainLn9-10,True
3631,optimization,flt_3ph_shc,MainLn9-10,True
3632,monitoring,flt_3ph_shc,MainLn9-10,True
3633,optimization,flt_3ph_shc,MainLn9-10,True
3634,monitoring,flt_3ph_shc,MainLn9-10,True
3635,optimization,flt_3ph_shc,MainBus1,True
3636,optimization,flt_3ph_shc,MainBus10,True
3637,optimization,flt_3ph_shc,MainBus11,True
3638,optimization,flt_3ph_shc,MainBus12,True
3639,optimization,flt_3ph_shc,MainBus13,True
3640,optimization,flt_3ph_shc,MainBus14,True
3641,optimization,flt_3ph_shc,MainBus2,True
3642,optimization,flt_3ph_shc,MainBus3,True
3643,optimization,flt_3ph_shc,MainBus4,True
3644,optimization,flt_3ph_shc,MainBus5,True
3645,optimization,flt_3ph_shc,MainBus6,True
3646,monitoring,flt_3ph_shc,MainBus7,True
3647,optimization,flt_3ph_shc,MainBus8,True
3648,optimization,flt_3ph_shc,MainBus9,True
3649,optimization,flt_3ph_shc,MainLn1-2,True
3650,optimization,flt_3ph_shc,MainLn1-2,True
3651,optimization,flt_3ph_shc,MainLn1-2,True
3652,optimization,flt_3ph_shc,MainLn1-2,True
3653,optimization,flt_3ph_shc,MainLn1-2,True
3654,optimization,flt_3ph_shc,MainLn10-11,True
3655,optimization,flt_3ph_shc,MainLn10-11,True
3656,monitoring,flt_3ph_shc,MainLn10-11,True
3657,optimization,flt_3ph_shc,MainLn10-11,True
3658,optimization,flt_3ph_shc,MainLn10-11,True
3659,optimization,flt_3ph_shc,MainLn12-13,True
3660,optimization,flt_3ph_shc,MainLn12-13,True
3661,optimization,flt_3ph_shc,MainLn12-13,True
3662,optimization,flt_3ph_shc,MainLn12-13,True
3663,optimization,flt_3ph_shc,MainLn12-13,True
3664,optimization,flt_3ph_shc,MainLn13-14,True
3665,optimization,flt_3ph_shc,MainLn13-14,True
3666,optimization,flt_3ph_shc,MainLn13-14,True
3667,evaluation,flt_3ph_shc,MainLn13-14,True
3668,optimization,flt_3ph_shc,MainLn13-14,True
3669,optimization,flt_3ph_shc,MainLn2-3,True
3670,optimization,flt_3ph_shc,MainLn2-3,True
3671,evaluation,flt_3ph_shc,MainLn2-3,True
3672,optimization,flt_3ph_shc,MainLn2-3,True
3673,optimization,flt_3ph_shc,MainLn2-3,True
3674,optimization,flt_3ph_shc,MainLn3-4,True
3675,optimization,flt_3ph_shc,MainLn3-4,True
3676,optimization,flt_3ph_shc,MainLn3-4,True
3677,monitoring,flt_3ph_shc,MainLn3-4,True
3678,optimization,flt_3ph_shc,MainLn3-4,True
3679,optimization,flt_3ph_shc,MainLn3-8,True
3680,optimization,flt_3ph_shc,MainLn3-8,True
3681,optimization,flt_3ph_shc,MainLn3-8,True
3682,optimization,flt_3ph_shc,MainLn3-8,True
3683,evaluation,flt_3ph_shc,MainLn3-8,True
3684,optimization,flt_3ph_shc,MainLn4-11,True
3685,optimization,flt_3ph_shc,MainLn4-11,True
3686,evaluation,flt_3ph_shc,MainLn4-11,True
3687,optimization,flt_3ph_shc,MainLn4-11,True
3688,optimization,flt_3ph_shc,MainLn4-11,True
3689,optimization,flt_3ph_shc,MainLn4-5,True
3690,evaluation,flt_3ph_shc,MainLn4-5,True
3691,optimization,flt_3ph_shc,MainLn4-5,True
3692,optimization,flt_3ph_shc,MainLn4-5,True
3693,optimization,flt_3ph_shc,MainLn4-5,True
3694,optimization,flt_3ph_shc,MainLn5-6,True
3695,optimization,flt_3ph_shc,MainLn5-6,True
3696,optimization,flt_3ph_shc,MainLn5-6,True
3697,optimization,flt_3ph_shc,MainLn5-6,True
3698,optimization,flt_3ph_shc,MainLn5-6,True
3699,optimization,flt_3ph_shc,MainLn6-7,True
3700,evaluation,flt_3ph_shc,MainLn6-7,True
3701,optimization,flt_3ph_shc,MainLn6-7,True
3702,optimization,flt_3ph_shc,MainLn6-7,True
3703,optimization,flt_3ph_shc,MainLn6-7,True
3704,optimization,flt_3ph_shc,MainLn7-8,True
3705,optimization,flt_3ph_shc,MainLn7-8,True
3706,optimization,flt_3ph_shc,MainLn7-8,True
3707,optimization,flt_3ph_shc,MainLn7-8,True
3708,optimization,flt_3ph_shc,MainLn7-8,True
3709,optimization,flt_3ph_shc,MainLn8-14,True
3710,monitoring,flt_3ph_shc,MainLn8-14,True
3711,optimization,flt_3ph_shc,MainLn8-14,True
3712,optimization,flt_3ph_shc,MainLn8-14,True
3713,optimization,flt_3ph_shc,MainLn8-14,True
3714,optimization,flt_3ph_shc,MainLn8-9,True
3715,optimization,flt_3ph_shc,MainLn8-9,True
3716,optimization,flt_3ph_shc,MainLn8-9,True
3717,optimization,flt_3ph_shc,MainLn8-9,True
3718,optimization,flt_3ph_shc,MainLn8-9,True
3719,optimization,flt_3ph_shc,MainLn9-10,True
3720,optimization,flt_3ph_shc,MainLn9-10,True
3721,optimization,flt_3ph_shc,MainLn9-10,True
3722,optimization,flt_3ph_shc,MainLn9-10,True
3723,optimization,flt_3ph_shc,MainLn9-10,True
3724,monitoring,flt_3ph_shc,MainBus1,True
3725,optimization,flt_3ph_shc,MainBus10,True
3726,optimization,flt_3ph_shc,MainBus11,True
3727,optimization,flt_3ph_shc,MainBus12,True
3728,optimization,flt_3ph_shc,MainBus13,True
3729,optimization,flt_3ph_shc,MainBus14,True
3730,optimization,flt_3ph_shc,MainBus2,True
3731,monitoring,flt_3ph_shc,MainBus3,True
3732,optimization,flt_3ph_shc,MainBus4,True
3733,monitoring,flt_3ph_shc,MainBus5,True
3734,optimization,flt_3ph_shc,MainBus6,True
3735,optimization,flt_3ph_shc,MainBus7,True
3736,optimization,flt_3ph_shc,MainBus8,True
3737,optimization,flt_3ph_shc,MainBus9,True
3738,optimization,flt_3ph_shc,MainLn1-2,True
3739,optimization,flt_3ph_shc,MainLn1-2,True
3740,optimization,flt_3ph_shc,MainLn1-2,True
3741,optimization,flt_3ph_shc,MainLn1-2,True
3742,monitoring,flt_3ph_shc,MainLn1-2,True
3743,optimization,flt_3ph_shc,MainLn10-11,True
3744,optimization,flt_3ph_shc,MainLn10-11,True
3745,optimization,flt_3ph_shc,MainLn10-11,True
3746,optimization,flt_3ph_shc,MainLn10-11,True
3747,optimization,flt_3ph_shc,MainLn10-11,True
3748,optimization,flt_3ph_shc,MainLn12-13,True
3749,optimization,flt_3ph_shc,MainLn12-13,True
3750,optimization,flt_3ph_shc,MainLn12-13,True
3751,optimization,flt_3ph_shc,MainLn12-13,True
3752,optimization,flt_3ph_shc,MainLn12-13,True
3753,optimization,flt_3ph_shc,MainLn13-14,True
3754,monitoring,flt_3ph_shc,MainLn13-14,True
3755,optimization,flt_3ph_shc,MainLn13-14,True
3756,optimization,flt_3ph_shc,MainLn13-14,True
3757,optimization,flt_3ph_shc,MainLn13-14,True
3758,optimization,flt_3ph_shc,MainLn2-3,True
3759,optimization,flt_3ph_shc,MainLn2-3,True
3760,optimization,flt_3ph_shc,MainLn2-3,True
3761,optimization,flt_3ph_shc,MainLn2-3,True
3762,optimization,flt_3ph_shc,MainLn2-3,True
3763,optimization,flt_3ph_shc,MainLn3-4,True
3764,optimization,flt_3ph_shc,MainLn3-4,True
3765,evaluation,flt_3ph_shc,MainLn3-4,True
3766,optimization,flt_3ph_shc,MainLn3-4,True
3767,optimization,flt_3ph_shc,MainLn3-4,True
3768,optimization,flt_3ph_shc,MainLn3-8,True
3769,optimization,flt_3ph_shc,MainLn3-8,True
3770,optimization,flt_3ph_shc,MainLn3-8,True
3771,optimization,flt_3ph_shc,MainLn3-8,True
3772,monitoring,flt_3ph_shc,MainLn3-8,True
3773,optimization,flt_3ph_shc,MainLn4-11,True
3774,optimization,flt_3ph_shc,MainLn4-11,True
3775,optimization,flt_3ph_shc,MainLn4-11,True
3776,optimization,flt_3ph_shc,MainLn4-11,True
3777,optimization,flt_3ph_shc,MainLn4-11,True
3778,optimization,flt_3ph_shc,MainLn4-5,True
3779,optimization,flt_3ph_shc,MainLn4-5,True
3780,optimization,flt_3ph_shc,MainLn4-5,True
3781,optimization,flt_3ph_shc,MainLn4-5,True
3782,optimization,flt_3ph_shc,MainLn4-5,True
3783,optimization,flt_3ph_shc,MainLn5-6,True
3784,optimization,flt_3ph_shc,MainLn5-6,True
3785,optimization,flt_3ph_shc,MainLn5-6,True
3786,optimization,flt_3ph_shc,MainLn5-6,True
3787,optimization,flt_3ph_shc,MainLn5-6,True
3788,evaluation,flt_3ph_shc,MainLn6-7,True
3789,optimization,flt_3ph_shc,MainLn6-7,True
3790,optimization,flt_3ph_shc,MainLn6-7,True
3791,optimization,flt_3ph_shc,MainLn6-7,True
3792,optimization,flt_3ph_shc,MainLn6-7,True
3793,monitoring,flt_3ph_shc,MainLn7-8,True
3794,optimization,flt_3ph_shc,MainLn7-8,True
3795,optimization,flt_3ph_shc,MainLn7-8,True
3796,optimization,flt_3ph_shc,MainLn7-8,True
3797,optimization,flt_3ph_shc,MainLn7-8,True
3798,monitoring,flt_3ph_shc,MainLn8-14,True
3799,optimization,flt_3ph_shc,MainLn8-14,True
3800,monitoring,flt_3ph_shc,MainLn8-14,True
3801,optimization,flt_3ph_shc,MainLn8-14,True
3802,optimization,flt_3ph_shc,MainLn8-14,True
3803,optimization,flt_3ph_shc,MainLn8-9,True
3804,optimization,flt_3ph_shc,MainLn8-9,True
3805,optimization,flt_3ph_shc,MainLn8-9,True
3806,optimization,flt_3ph_shc,MainLn8-9,True
3807,optimization,flt_3ph_shc,MainLn8-9,True
3808,optimization,flt_3ph_shc,MainLn9-10,True
3809,optimization,flt_3ph_shc,MainLn9-10,True
3810,optimization,flt_3ph_shc,MainLn9-10,True
3811,optimization,flt_3ph_shc,MainLn9-10,True
3812,optimization,flt_3ph_shc,MainLn9-10,True
3813,optimization,flt_3ph_shc,MainBus1,True
3814,optimization,flt_3ph_shc,MainBus10,True
3815,optimization,flt_3ph_shc,MainBus11,True
3816,optimization,flt_3ph_shc,MainBus12,True
3817,evaluation,flt_3ph_shc,MainBus13,True
3818,optimization,flt_3ph_shc,MainBus14,True
3819,optimization,flt_3ph_shc,MainBus2,True
3820,optimization,flt_3ph_shc,MainBus3,True
3821,optimization,flt_3ph_shc,MainBus4,True
3822,optimization,flt_3ph_shc,MainBus5,True
3823,optimization,flt_3ph_shc,MainBus6,True
3824,optimization,flt_3ph_shc,MainBus7,True
3825,optimization,flt_3ph_shc,MainBus8,True
3826,optimization,flt_3ph_shc,MainBus9,True
3827,optimization,flt_3ph_shc,MainLn1-2,True
3828,optimization,flt_3ph_shc,MainLn1-2,True
3829,optimization,flt_3ph_shc,MainLn1-2,True
3830,optimization,flt_3ph_shc,MainLn1-2,True
3831,optimization,flt_3ph_shc,MainLn1-2,True
3832,optimization,flt_3ph_shc,MainLn10-11,True
3833,optimization,flt_3ph_shc,MainLn10-11,True
3834,optimization,flt_3ph_shc,MainLn10-11,True
3835,optimization,flt_3ph_shc,MainLn10-11,True
3836,optimization,flt_3ph_shc,MainLn10-11,True
3837,optimization,flt_3ph_shc,MainLn12-13,True
3838,optimization,flt_3ph_shc,MainLn12-13,True
3839,optimization,flt_3ph_shc,MainLn12-13,True
3840,optimization,flt_3ph_shc,MainLn12-13,True
3841,optimization,flt_3ph_shc,MainLn12-13,True
3842,optimization,flt_3ph_shc,MainLn13-14,True
3843,optimization,flt_3ph_shc,MainLn13-14,True
3844,optimization,flt_3ph_shc,MainLn13-14,True
3845,optimization,flt_3ph_shc,MainLn13-14,True
3846,monitoring,flt_3ph_shc,MainLn13-14,True
3847,optimization,flt_3ph_shc,MainLn2-3,True
3848,optimization,flt_3ph_shc,MainLn2-3,True
3849,monitoring,flt_3ph_shc,MainLn2-3,True
3850,optimization,flt_3ph_shc,MainLn2-3,True
3851,optimization,flt_3ph_shc,MainLn2-3,True
3852,optimization,flt_3ph_shc,MainLn3-4,True
3853,optimization,flt_3ph_shc,MainLn3-4,True
3854,optimization,flt_3ph_shc,MainLn3-4,True
3855,optimization,flt_3ph_shc,MainLn3-4,True
3856,optimization,flt_3ph_shc,MainLn3-4,True
3857,optimization,flt_3ph_shc,MainLn3-8,True
3858,optimization,flt_3ph_shc,MainLn3-8,True
3859,optimization,flt_3ph_shc,MainLn3-8,True
3860,optimization,flt_3ph_shc,MainLn3-8,True
3861,optimization,flt_3ph_shc,MainLn3-8,True
3862,evaluation,flt_3ph_shc,MainLn4-11,True
3863,optimization,flt_3ph_shc,MainLn4-11,True
3864,optimization,flt_3ph_shc,MainLn4-11,True
3865,optimization,flt_3ph_shc,MainLn4-11,True
3866,optimization,flt_3ph_shc,MainLn4-11,True
3867,optimization,flt_3ph_shc,MainLn4-5,True
3868,optimization,flt_3ph_shc,MainLn4-5,True
3869,optimization,flt_3ph_shc,MainLn4-5,True
3870,evaluation,flt_3ph_shc,MainLn4-5,True
3871,optimization,flt_3ph_shc,MainLn4-5,True
3872,optimization,flt_3ph_shc,MainLn5-6,True
3873,optimization,flt_3ph_shc,MainLn5-6,True
3874,optimization,flt_3ph_shc,MainLn5-6,True
3875,optimization,flt_3ph_shc,MainLn5-6,True
3876,optimization,flt_3ph_shc,MainLn5-6,True
3877,optimization,flt_3ph_shc,MainLn6-7,True
3878,optimization,flt_3ph_shc,MainLn6-7,True
3879,optimization,flt_3ph_shc,MainLn6-7,True
3880,optimization,flt_3ph_shc,MainLn6-7,True
3881,optimization,flt_3ph_shc,MainLn6-7,True
3882,optimization,flt_3ph_shc,MainLn7-8,True
3883,optimization,flt_3ph_shc,MainLn7-8,True
3884,optimization,flt_3ph_shc,MainLn7-8,True
3885,optimization,flt_3ph_shc,MainLn7-8,True
3886,optimization,flt_3ph_shc,MainLn7-8,True
3887,optimization,flt_3ph_shc,MainLn8-14,True
3888,optimization,flt_3ph_shc,MainLn8-14,True
3889,optimization,flt_3ph_shc,MainLn8-14,True
3890,optimization,flt_3ph_shc,MainLn8-14,True
3891,optimization,flt_3ph_shc,MainLn8-14,True
3892,optimization,flt_3ph_shc,MainLn8-9,True
3893,optimization,flt_3ph_shc,MainLn8-9,True
3894,evaluation,flt_3ph_shc,MainLn8-9,True
3895,optimization,flt_3ph_shc,MainLn8-9,True
3896,optimization,flt_3ph_shc,MainLn8-9,True
3897,optimization,flt_3ph_shc,MainLn9-10,True
3898,monitoring,flt_3ph_shc,MainLn9-10,True
3899,optimization,flt_3ph_shc,MainLn9-10,True
3900,optimization,flt_3ph_shc,MainLn9-10,True
3901,monitoring,flt_3ph_shc,MainLn9-10,True
3902,optimization,flt_3ph_shc,MainBus1,True
3903,optimization,flt_3ph_shc,MainBus10,True
3904,optimization,flt_3ph_shc,MainBus11,True
3905,optimization,flt_3ph_shc,MainBus12,True
3906,evaluation,flt_3ph_shc,MainBus13,True
3907,optimization,flt_3ph_shc,MainBus14,True
3908,optimization,flt_3ph_shc,MainBus2,True
3909,optimization,flt_3ph_shc,MainBus3,True
3910,optimization,flt_3ph_shc,MainBus4,True
3911,optimization,flt_3ph_shc,MainBus5,True
3912,optimization,flt_3ph_shc,MainBus6,True
3913,optimization,flt_3ph_shc,MainBus7,True
3914,optimization,flt_3ph_shc,MainBus8,True
3915,optimization,flt_3ph_shc,MainBus9,True
3916,optimization,flt_3ph_shc,MainLn1-2,True
3917,monitoring,flt_3ph_shc,MainLn1-2,True
3918,optimization,flt_3ph_shc,MainLn1-2,True
3919,optimization,flt_3ph_shc,MainLn1-2,True
3920,optimization,flt_3ph_shc,MainLn1-2,True
3921,optimization,flt_3ph_shc,MainLn10-11,True
3922,optimization,flt_3ph_shc,MainLn10-11,True
3923,optimization,flt_3ph_shc,MainLn10-11,True
3924,optimization,flt_3ph_shc,MainLn10-11,True
3925,monitoring,flt_3ph_shc,MainLn10-11,True
3926,optimization,flt_3ph_shc,MainLn12-13,True
3927,optimization,flt_3ph_shc,MainLn12-13,True
3928,optimization,flt_3ph_shc,MainLn12-13,True
3929,monitoring,flt_3ph_shc,MainLn12-13,True
3930,monitoring,flt_3ph_shc,MainLn12-13,True
3931,optimization,flt_3ph_shc,MainLn13-14,True
3932,optimization,flt_3ph_shc,MainLn13-14,True
3933,optimization,flt_3ph_shc,MainLn13-14,True
3934,optimization,flt_3ph_shc,MainLn13-14,True
3935,optimization,flt_3ph_shc,MainLn13-14,True
3936,evaluation,flt_3ph_shc,MainLn2-3,True
3937,optimization,flt_3ph_shc,MainLn2-3,True
3938,optimization,flt_3ph_shc,MainLn2-3,True
3939,optimization,flt_3ph_shc,MainLn2-3,True
3940,monitoring,flt_3ph_shc,MainLn2-3,True
3941,optimization,flt_3ph_shc,MainLn3-4,True
3942,optimization,flt_3ph_shc,MainLn3-4,True
3943,optimization,flt_3ph_shc,MainLn3-4,True
3944,monitoring,flt_3ph_shc,MainLn3-4,True
3945,optimization,flt_3ph_shc,MainLn3-4,True
3946,optimization,flt_3ph_shc,MainLn3-8,True
3947,optimization,flt_3ph_shc,MainLn3-8,True
3948,optimization,flt_3ph_shc,MainLn3-8,True
3949,optimization,flt_3ph_shc,MainLn3-8,True
3950,monitoring,flt_3ph_shc,MainLn3-8,True
3951,optimization,flt_3ph_shc,MainLn4-11,True
3952,monitoring,flt_3ph_shc,MainLn4-11,True
3953,optimization,flt_3ph_shc,MainLn4-11,True
3954,optimization,flt_3ph_shc,MainLn4-11,True
3955,optimization,flt_3ph_shc,MainLn4-11,True
3956,optimization,flt_3ph_shc,MainLn4-5,True
3957,optimization,flt_3ph_shc,MainLn4-5,True
3958,optimization,flt_3ph_shc,MainLn4-5,True
3959,evaluation,flt_3ph_shc,MainLn4-5,True
3960,optimization,flt_3ph_shc,MainLn4-5,True
3961,monitoring,flt_3ph_shc,MainLn5-6,True
3962,monitoring,flt_3ph_shc,MainLn5-6,True
3963,optimization,flt_3ph_shc,MainLn5-6,True
3964,optimization,flt_3ph_shc,MainLn5-6,True
3965,optimization,flt_3ph_shc,MainLn5-6,True
3966,optimization,flt_3ph_shc,MainLn6-7,True
3967,optimization,flt_3ph_shc,MainLn6-7,True
3968,optimization,flt_3ph_shc,MainLn6-7,True
3969,optimization,flt_3ph_shc,MainLn6-7,True
3970,optimization,flt_3ph_shc,MainLn6-7,True
3971,optimization,flt_3ph_shc,MainLn7-8,True
3972,optimization,flt_3ph_shc,MainLn7-8,True
3973,evaluation,flt_3ph_shc,MainLn7-8,True
3974,monitoring,flt_3ph_shc,MainLn7-8,True
3975,optimization,flt_3ph_shc,MainLn7-8,True
3976,optimization,flt_3ph_shc,MainLn8-14,True
3977,optimization,flt_3ph_shc,MainLn8-14,True
3978,optimization,flt_3ph_shc,MainLn8-14,True
3979,optimization,flt_3ph_shc,MainLn8-14,True
3980,optimization,flt_3ph_shc,MainLn8-14,True
3981,optimization,flt_3ph_shc,MainLn8-9,True
3982,optimization,flt_3ph_shc,MainLn8-9,True
3983,optimization,flt_3ph_shc,MainLn8-9,True
3984,optimization,flt_3ph_shc,MainLn8-9,True
3985,optimization,flt_3ph_shc,MainLn8-9,True
3986,optimization,flt_3ph_shc,MainLn9-10,True
3987,optimization,flt_3ph_shc,MainLn9-10,True
3988,optimization,flt_3ph_shc,MainLn9-10,True
3989,optimization,flt_3ph_shc,MainLn9-10,True
3990,optimization,flt_3ph_shc,MainLn9-10,True
3991,optimization,flt_3ph_shc,MainBus1,True
3992,optimization,flt_3ph_shc,MainBus10,True
3993,optimization,flt_3ph_shc,MainBus11,True
3994,optimization,flt_3ph_shc,MainBus12,True
3995,optimization,flt_3ph_shc,MainBus13,True
3996,optimization,flt_3ph_shc,MainBus14,True
3997,optimization,flt_3ph_shc,MainBus2,True
3998,optimization,flt_3ph_shc,MainBus3,True
3999,optimization,flt_3ph_shc,MainBus4,True
4000,optimization,flt_3ph_shc,MainBus5,True
4001,optimization,flt_3ph_shc,MainBus6,True
4002,optimization,flt_3ph_shc,MainBus7,True
4003,monitoring,flt_3ph_shc,MainBus8,True
4004,optimization,flt_3ph_shc,MainBus9,True
4005,optimization,flt_1phg_hif,MainLn1-2,True
4006,optimization,flt_1phg_hif,MainLn10-11,True
4007,optimization,flt_1phg_hif,MainLn12-13,True
4008,optimization,flt_1phg_hif,MainLn13-14,True
4009,optimization,flt_1phg_hif,MainLn2-3,True
4010,optimization,flt_1phg_hif,MainLn3-4,True
4011,monitoring,flt_1phg_hif,MainLn3-8,True
4012,evaluation,flt_1phg_hif,MainLn4-11,True
4013,optimization,flt_1phg_hif,MainLn4-5,True
4014,optimization,flt_1phg_hif,MainLn5-6,True
4015,optimization,flt_1phg_hif,MainLn6-7,True
4016,evaluation,flt_1phg_hif,MainLn7-8,True
4017,optimization,flt_1phg_hif,MainLn8-14,True
4018,optimization,flt_1phg_hif,MainLn8-9,True
4019,optimization,flt_1phg_hif,MainLn9-10,True
4020,optimization,flt_1phg_hif,MainBus1,True
4021,optimization,flt_1phg_hif,MainBus10,True
4022,optimization,flt_1phg_hif,MainBus11,True
4023,optimization,flt_1phg_hif,MainBus12,True
4024,optimization,flt_1phg_hif,MainBus13,True
4025,optimization,flt_1phg_hif,MainBus14,True
4026,monitoring,flt_1phg_hif,MainBus2,True
4027,optimization,flt_1phg_hif,MainBus3,True
4028,optimization,flt_1phg_hif,MainBus4,True
4029,optimization,flt_1phg_hif,MainBus5,True
4030,optimization,flt_1phg_hif,MainBus6,True
4031,monitoring,flt_1phg_hif,MainBus7,True
4032,optimization,flt_1phg_hif,MainBus8,True
4033,optimization,flt_1phg_hif,MainBus9,True
4034,optimization,flt_1phg_hif,MainLn1-2,True
4035,optimization,flt_1phg_hif,MainLn10-11,True
4036,optimization,flt_1phg_hif,MainLn12-13,True
4037,optimization,flt_1phg_hif,MainLn13-14,True
4038,optimization,flt_1phg_hif,MainLn2-3,True
4039,optimization,flt_1phg_hif,MainLn3-4,True
4040,optimization,flt_1phg_hif,MainLn3-8,True
4041,optimization,flt_1phg_hif,MainLn4-11,True
4042,evaluation,flt_1phg_hif,MainLn4-5,True
4043,optimization,flt_1phg_hif,MainLn5-6,True
4044,optimization,flt_1phg_hif,MainLn6-7,True
4045,optimization,flt_1phg_hif,MainLn7-8,True
4046,optimization,flt_1phg_hif,MainLn8-14,True
4047,optimization,flt_1phg_hif,MainLn8-9,True
4048,monitoring,flt_1phg_hif,MainLn9-10,True
4049,optimization,flt_1phg_hif,MainBus1,True
4050,optimization,flt_1phg_hif,MainBus10,True
4051,optimization,flt_1phg_hif,MainBus11,True
4052,optimization,flt_1phg_hif,MainBus12,True
4053,optimization,flt_1phg_hif,MainBus13,True
4054,optimization,flt_1phg_hif,MainBus14,True
4055,optimization,flt_1phg_hif,MainBus2,True
4056,optimization,flt_1phg_hif,MainBus3,True
4057,optimization,flt_1phg_hif,MainBus4,True
4058,optimization,flt_1phg_hif,MainBus5,True
4059,optimization,flt_1phg_hif,MainBus6,True
4060,monitoring,flt_1phg_hif,MainBus7,True
4061,optimization,flt_1phg_hif,MainBus8,True
4062,optimization,flt_1phg_hif,MainBus9,True
4063,optimization,flt_1phg_hif,MainLn1-2,True
4064,evaluation,flt_1phg_hif,MainLn10-11,True
4065,optimization,flt_1phg_hif,MainLn12-13,True
4066,optimization,flt_1phg_hif,MainLn13-14,True
4067,optimization,flt_1phg_hif,MainLn2-3,True
4068,optimization,flt_1phg_hif,MainLn3-4,True
4069,optimization,flt_1phg_hif,MainLn3-8,True
4070,optimization,flt_1phg_hif,MainLn4-11,True
4071,evaluation,flt_1phg_hif,MainLn4-5,True
4072,optimization,flt_1phg_hif,MainLn5-6,True
4073,optimization,flt_1phg_hif,MainLn6-7,True
4074,optimization,flt_1phg_hif,MainLn7-8,True
4075,optimization,flt_1phg_hif,MainLn8-14,True
4076,optimization,flt_1phg_hif,MainLn8-9,True
4077,optimization,flt_1phg_hif,MainLn9-10,True
4078,optimization,flt_1phg_hif,MainBus1,True
4079,optimization,flt_1phg_hif,MainBus10,True
4080,optimization,flt_1phg_hif,MainBus11,True
4081,monitoring,flt_1phg_hif,MainBus12,True
4082,monitoring,flt_1phg_hif,MainBus13,True
4083,optimization,flt_1phg_hif,MainBus14,True
4084,optimization,flt_1phg_hif,MainBus2,True
4085,monitoring,flt_1phg_hif,MainBus3,True
4086,optimization,flt_1phg_hif,MainBus4,True
4087,evaluation,flt_1phg_hif,MainBus5,True
4088,optimization,flt_1phg_hif,MainBus6,True
4089,monitoring,flt_1phg_hif,MainBus7,True
4090,optimization,flt_1phg_hif,MainBus8,True
4091,optimization,flt_1phg_hif,MainBus9,True
4092,monitoring,flt_1phg_hif_w_arc,MainLn1-2,True
4093,optimization,flt_1phg_hif_w_arc,MainLn10-11,True
4094,optimization,flt_1phg_hif_w_arc,MainLn12-13,True
4095,optimization,flt_1phg_hif_w_arc,MainLn13-14,True
4096,optimization,flt_1phg_hif_w_arc,MainLn2-3,True
4097,monitoring,flt_1phg_hif_w_arc,MainLn3-4,True
4098,optimization,flt_1phg_hif_w_arc,MainLn3-8,True
4099,optimization,flt_1phg_hif_w_arc,MainLn4-11,True
4100,optimization,flt_1phg_hif_w_arc,MainLn4-5,True
4101,monitoring,flt_1phg_hif_w_arc,MainLn5-6,True
4102,optimization,flt_1phg_hif_w_arc,MainLn6-7,True
4103,optimization,flt_1phg_hif_w_arc,MainLn7-8,True
4104,optimization,flt_1phg_hif_w_arc,MainLn8-14,True
4105,optimization,flt_1phg_hif_w_arc,MainLn8-9,True
4106,optimization,flt_1phg_hif_w_arc,MainLn9-10,True
4107,optimization,flt_1phg_hif_w_arc,MainBus1,True
4108,optimization,flt_1phg_hif_w_arc,MainBus10,True
4109,optimization,flt_1phg_hif_w_arc,MainBus11,True
4110,optimization,flt_1phg_hif_w_arc,MainBus12,True
4111,optimization,flt_1phg_hif_w_arc,MainBus13,True
4112,optimization,flt_1phg_hif_w_arc,MainBus14,True
4113,monitoring,flt_1phg_hif_w_arc,MainBus2,True
4114,optimization,flt_1phg_hif_w_arc,MainBus3,True
4115,optimization,flt_1phg_hif_w_arc,MainBus4,True
4116,optimization,flt_1phg_hif_w_arc,MainBus5,True
4117,optimization,flt_1phg_hif_w_arc,MainBus6,True
4118,optimization,flt_1phg_hif_w_arc,MainBus7,True
4119,evaluation,flt_1phg_hif_w_arc,MainBus8,True
4120,evaluation,flt_1phg_hif_w_arc,MainBus9,True
4121,optimization,flt_1phg_hif_w_arc,MainLn1-2,True
4122,optimization,flt_1phg_hif_w_arc,MainLn10-11,True
4123,monitoring,flt_1phg_hif_w_arc,MainLn12-13,True
4124,optimization,flt_1phg_hif_w_arc,MainLn13-14,True
4125,optimization,flt_1phg_hif_w_arc,MainLn2-3,True
4126,optimization,flt_1phg_hif_w_arc,MainLn3-4,True
4127,optimization,flt_1phg_hif_w_arc,MainLn3-8,True
4128,optimization,flt_1phg_hif_w_arc,MainLn4-11,True
4129,optimization,flt_1phg_hif_w_arc,MainLn4-5,True
4130,optimization,flt_1phg_hif_w_arc,MainLn5-6,True
4131,optimization,flt_1phg_hif_w_arc,MainLn6-7,True
4132,optimization,flt_1phg_hif_w_arc,MainLn7-8,True
4133,optimization,flt_1phg_hif_w_arc,MainLn8-14,True
4134,evaluation,flt_1phg_hif_w_arc,MainLn8-9,True
4135,optimization,flt_1phg_hif_w_arc,MainLn9-10,True
4136,optimization,flt_1phg_hif_w_arc,MainBus1,True
4137,optimization,flt_1phg_hif_w_arc,MainBus10,True
4138,optimization,flt_1phg_hif_w_arc,MainBus11,True
4139,optimization,flt_1phg_hif_w_arc,MainBus12,True
4140,optimization,flt_1phg_hif_w_arc,MainBus13,True
4141,optimization,flt_1phg_hif_w_arc,MainBus14,True
4142,monitoring,flt_1phg_hif_w_arc,MainBus2,True
4143,optimization,flt_1phg_hif_w_arc,MainBus3,True
4144,optimization,flt_1phg_hif_w_arc,MainBus4,True
4145,evaluation,flt_1phg_hif_w_arc,MainBus5,True
4146,optimization,flt_1phg_hif_w_arc,MainBus6,True
4147,monitoring,flt_1phg_hif_w_arc,MainBus7,True
4148,evaluation,flt_1phg_hif_w_arc,MainBus8,True
4149,monitoring,flt_1phg_hif_w_arc,MainBus9,True
4150,optimization,flt_1phg_hif_w_arc,MainLn1-2,True
4151,optimization,flt_1phg_hif_w_arc,MainLn10-11,True
4152,optimization,flt_1phg_hif_w_arc,MainLn12-13,True
4153,optimization,flt_1phg_hif_w_arc,MainLn13-14,True
4154,optimization,flt_1phg_hif_w_arc,MainLn2-3,True
4155,optimization,flt_1phg_hif_w_arc,MainLn3-4,True
4156,optimization,flt_1phg_hif_w_arc,MainLn3-8,True
4157,optimization,flt_1phg_hif_w_arc,MainLn4-11,True
4158,optimization,flt_1phg_hif_w_arc,MainLn4-5,True
4159,optimization,flt_1phg_hif_w_arc,MainLn5-6,True
4160,optimization,flt_1phg_hif_w_arc,MainLn6-7,True
4161,optimization,flt_1phg_hif_w_arc,MainLn7-8,True
4162,optimization,flt_1phg_hif_w_arc,MainLn8-14,True
4163,optimization,flt_1phg_hif_w_arc,MainLn8-9,True
4164,optimization,flt_1phg_hif_w_arc,MainLn9-10,True
4165,optimization,flt_1phg_hif_w_arc,MainBus1,True
4166,optimization,flt_1phg_hif_w_arc,MainBus10,True
4167,optimization,flt_1phg_hif_w_arc,MainBus11,True
4168,optimization,flt_1phg_hif_w_arc,MainBus12,True
4169,evaluation,flt_1phg_hif_w_arc,MainBus13,True
4170,evaluation,flt_1phg_hif_w_arc,MainBus14,True
4171,optimization,flt_1phg_hif_w_arc,MainBus2,True
4172,optimization,flt_1phg_hif_w_arc,MainBus3,True
4173,optimization,flt_1phg_hif_w_arc,MainBus4,True
4174,optimization,flt_1phg_hif_w_arc,MainBus5,True
4175,optimization,flt_1phg_hif_w_arc,MainBus6,True
4176,optimization,flt_1phg_hif_w_arc,MainBus7,True
4177,monitoring,flt_1phg_hif_w_arc,MainBus8,True
4178,optimization,flt_1phg_hif_w_arc,MainBus9,True
4179,monitoring,flt_1phg_incipient,MainLn1-2,True
4180,optimization,flt_1phg_incipient,MainLn10-11,True
4181,optimization,flt_1phg_incipient,MainLn12-13,True
4182,optimization,flt_1phg_incipient,MainLn13-14,True
4183,optimization,flt_1phg_incipient,MainLn2-3,True
4184,optimization,flt_1phg_incipient,MainLn3-4,True
4185,monitoring,flt_1phg_incipient,MainLn3-8,True
4186,optimization,flt_1phg_incipient,MainLn4-11,True
4187,optimization,flt_1phg_incipient,MainLn4-5,True
4188,optimization,flt_1phg_incipient,MainLn5-6,True
4189,optimization,flt_1phg_incipient,MainLn6-7,True
4190,optimization,flt_1phg_incipient,MainLn7-8,True
4191,optimization,flt_1phg_incipient,MainLn8-14,True
4192,optimization,flt_1phg_incipient,MainLn8-9,True
4193,optimization,flt_1phg_incipient,MainLn9-10,True
4194,evaluation,flt_1phg_incipient,MainBus1,True
4195,optimization,flt_1phg_incipient,MainBus10,True
4196,optimization,flt_1phg_incipient,MainBus11,True
4197,evaluation,flt_1phg_incipient,MainBus12,True
4198,optimization,flt_1phg_incipient,MainBus13,True
4199,optimization,flt_1phg_incipient,MainBus14,True
4200,optimization,flt_1phg_incipient,MainBus2,True
4201,optimization,flt_1phg_incipient,MainBus3,True
4202,optimization,flt_1phg_incipient,MainBus4,True
4203,monitoring,flt_1phg_incipient,MainBus5,True
4204,optimization,flt_1phg_incipient,MainBus6,True
4205,optimization,flt_1phg_incipient,MainBus7,True
4206,optimization,flt_1phg_incipient,MainBus8,True
4207,optimization,flt_1phg_incipient,MainBus9,True
4208,evaluation,flt_1phg_incipient,MainLn1-2,True
4209,optimization,flt_1phg_incipient,MainLn10-11,True
4210,optimization,flt_1phg_incipient,MainLn12-13,True
4211,optimization,flt_1phg_incipient,MainLn13-14,True
4212,optimization,flt_1phg_incipient,MainLn2-3,True
4213,optimization,flt_1phg_incipient,MainLn3-4,True
4214,optimization,flt_1phg_incipient,MainLn3-8,True
4215,optimization,flt_1phg_incipient,MainLn4-11,True
4216,optimization,flt_1phg_incipient,MainLn4-5,True
4217,optimization,flt_1phg_incipient,MainLn5-6,True
4218,optimization,flt_1phg_incipient,MainLn6-7,True
4219,optimization,flt_1phg_incipient,MainLn7-8,True
4220,optimization,flt_1phg_incipient,MainLn8-14,True
4221,optimization,flt_1phg_incipient,MainLn8-9,True
4222,optimization,flt_1phg_incipient,MainLn9-10,True
4223,optimization,flt_1phg_incipient,MainBus1,True
4224,evaluation,flt_1phg_incipient,MainBus10,True
4225,optimization,flt_1phg_incipient,MainBus11,True
4226,optimization,flt_1phg_incipient,MainBus12,True
4227,optimization,flt_1phg_incipient,MainBus13,True
4228,evaluation,flt_1phg_incipient,MainBus14,True
4229,optimization,flt_1phg_incipient,MainBus2,True
4230,optimization,flt_1phg_incipient,MainBus3,True
4231,optimization,flt_1phg_incipient,MainBus4,True
4232,optimization,flt_1phg_incipient,MainBus5,True
4233,optimization,flt_1phg_incipient,MainBus6,True
4234,optimization,flt_1phg_incipient,MainBus7,True
4235,optimization,flt_1phg_incipient,MainBus8,True
4236,monitoring,flt_1phg_incipient,MainBus9,True
4237,optimization,flt_1phg_incipient,MainLn1-2,True
4238,optimization,flt_1phg_incipient,MainLn10-11,True
4239,optimization,flt_1phg_incipient,MainLn12-13,True
4240,optimization,flt_1phg_incipient,MainLn13-14,True
4241,optimization,flt_1phg_incipient,MainLn2-3,True
4242,optimization,flt_1phg_incipient,MainLn3-4,True
4243,optimization,flt_1phg_incipient,MainLn3-8,True
4244,optimization,flt_1phg_incipient,MainLn4-11,True
4245,optimization,flt_1phg_incipient,MainLn4-5,True
4246,optimization,flt_1phg_incipient,MainLn5-6,True
4247,optimization,flt_1phg_incipient,MainLn6-7,True
4248,optimization,flt_1phg_incipient,MainLn7-8,True
4249,optimization,flt_1phg_incipient,MainLn8-14,True
4250,optimization,flt_1phg_incipient,MainLn8-9,True
4251,optimization,flt_1phg_incipient,MainLn9-10,True
4252,optimization,flt_1phg_incipient,MainBus1,True
4253,optimization,flt_1phg_incipient,MainBus10,True
4254,optimization,flt_1phg_incipient,MainBus11,True
4255,optimization,flt_1phg_incipient,MainBus12,True
4256,optimization,flt_1phg_incipient,MainBus13,True
4257,optimization,flt_1phg_incipient,MainBus14,True
4258,optimization,flt_1phg_incipient,MainBus2,True
4259,optimization,flt_1phg_incipient,MainBus3,True
4260,optimization,flt_1phg_incipient,MainBus4,True
4261,optimization,flt_1phg_incipient,MainBus5,True
4262,optimization,flt_1phg_incipient,MainBus6,True
4263,optimization,flt_1phg_incipient,MainBus7,True
4264,monitoring,flt_1phg_incipient,MainBus8,True
4265,optimization,flt_1phg_incipient,MainBus9,True
4266,optimization,flt_1phg_incipient_w_arc,MainLn1-2,True
4267,optimization,flt_1phg_incipient_w_arc,MainLn10-11,True
4268,optimization,flt_1phg_incipient_w_arc,MainLn12-13,True
4269,monitoring,flt_1phg_incipient_w_arc,MainLn13-14,True
4270,optimization,flt_1phg_incipient_w_arc,MainLn2-3,True
4271,optimization,flt_1phg_incipient_w_arc,MainLn3-4,True
4272,optimization,flt_1phg_incipient_w_arc,MainLn3-8,True
4273,optimization,flt_1phg_incipient_w_arc,MainLn4-11,True
4274,optimization,flt_1phg_incipient_w_arc,MainLn4-5,True
4275,optimization,flt_1phg_incipient_w_arc,MainLn5-6,True
4276,optimization,flt_1phg_incipient_w_arc,MainLn6-7,True
4277,optimization,flt_1phg_incipient_w_arc,MainLn7-8,True
4278,optimization,flt_1phg_incipient_w_arc,MainLn8-14,True
4279,optimization,flt_1phg_incipient_w_arc,MainLn8-9,True
4280,optimization,flt_1phg_incipient_w_arc,MainLn9-10,True
4281,optimization,flt_1phg_incipient_w_arc,MainBus1,True
4282,optimization,flt_1phg_incipient_w_arc,MainBus10,True
4283,optimization,flt_1phg_incipient_w_arc,MainBus11,True
4284,monitoring,flt_1phg_incipient_w_arc,MainBus12,True
4285,optimization,flt_1phg_incipient_w_arc,MainBus13,True
4286,optimization,flt_1phg_incipient_w_arc,MainBus14,True
4287,optimization,flt_1phg_incipient_w_arc,MainBus2,True
4288,optimization,flt_1phg_incipient_w_arc,MainBus3,True
4289,optimization,flt_1phg_incipient_w_arc,MainBus4,True
4290,optimization,flt_1phg_incipient_w_arc,MainBus5,True
4291,monitoring,flt_1phg_incipient_w_arc,MainBus6,True
4292,optimization,flt_1phg_incipient_w_arc,MainBus7,True
4293,optimization,flt_1phg_incipient_w_arc,MainBus8,True
4294,optimization,flt_1phg_incipient_w_arc,MainBus9,True
4295,optimization,flt_1phg_incipient_w_arc,MainLn1-2,True
4296,optimization,flt_1phg_incipient_w_arc,MainLn10-11,True
4297,optimization,flt_1phg_incipient_w_arc,MainLn12-13,True
4298,optimization,flt_1phg_incipient_w_arc,MainLn13-14,True
4299,optimization,flt_1phg_incipient_w_arc,MainLn2-3,True
4300,monitoring,flt_1phg_incipient_w_arc,MainLn3-4,True
4301,optimization,flt_1phg_incipient_w_arc,MainLn3-8,True
4302,optimization,flt_1phg_incipient_w_arc,MainLn4-11,True
4303,optimization,flt_1phg_incipient_w_arc,MainLn4-5,True
4304,optimization,flt_1phg_incipient_w_arc,MainLn5-6,True
4305,optimization,flt_1phg_incipient_w_arc,MainLn6-7,True
4306,optimization,flt_1phg_incipient_w_arc,MainLn7-8,True
4307,optimization,flt_1phg_incipient_w_arc,MainLn8-14,True
4308,optimization,flt_1phg_incipient_w_arc,MainLn8-9,True
4309,optimization,flt_1phg_incipient_w_arc,MainLn9-10,True
4310,optimization,flt_1phg_incipient_w_arc,MainBus1,True
4311,optimization,flt_1phg_incipient_w_arc,MainBus10,True
4312,optimization,flt_1phg_incipient_w_arc,MainBus11,True
4313,optimization,flt_1phg_incipient_w_arc,MainBus12,True
4314,optimization,flt_1phg_incipient_w_arc,MainBus13,True
4315,optimization,flt_1phg_incipient_w_arc,MainBus14,True
4316,evaluation,flt_1phg_incipient_w_arc,MainBus2,True
4317,monitoring,flt_1phg_incipient_w_arc,MainBus3,True
4318,optimization,flt_1phg_incipient_w_arc,MainBus4,True
4319,optimization,flt_1phg_incipient_w_arc,MainBus5,True
4320,optimization,flt_1phg_incipient_w_arc,MainBus6,True
4321,optimization,flt_1phg_incipient_w_arc,MainBus7,True
4322,optimization,flt_1phg_incipient_w_arc,MainBus8,True
4323,monitoring,flt_1phg_incipient_w_arc,MainBus9,True
4324,optimization,flt_1phg_incipient_w_arc,MainLn1-2,True
4325,optimization,flt_1phg_incipient_w_arc,MainLn10-11,True
4326,optimization,flt_1phg_incipient_w_arc,MainLn12-13,True
4327,optimization,flt_1phg_incipient_w_arc,MainLn13-14,True
4328,optimization,flt_1phg_incipient_w_arc,MainLn2-3,True
4329,monitoring,flt_1phg_incipient_w_arc,MainLn3-4,True
4330,optimization,flt_1phg_incipient_w_arc,MainLn3-8,True
4331,optimization,flt_1phg_incipient_w_arc,MainLn4-11,True
4332,evaluation,flt_1phg_incipient_w_arc,MainLn4-5,True
4333,optimization,flt_1phg_incipient_w_arc,MainLn5-6,True
4334,optimization,flt_1phg_incipient_w_arc,MainLn6-7,True
4335,optimization,flt_1phg_incipient_w_arc,MainLn7-8,True
4336,optimization,flt_1phg_incipient_w_arc,MainLn8-14,True
4337,optimization,flt_1phg_incipient_w_arc,MainLn8-9,True
4338,monitoring,flt_1phg_incipient_w_arc,MainLn9-10,True
4339,optimization,flt_1phg_incipient_w_arc,MainBus1,True
4340,optimization,flt_1phg_incipient_w_arc,MainBus10,True
4341,optimization,flt_1phg_incipient_w_arc,MainBus11,True
4342,optimization,flt_1phg_incipient_w_arc,MainBus12,True
4343,monitoring,flt_1phg_incipient_w_arc,MainBus13,True
4344,optimization,flt_1phg_incipient_w_arc,MainBus14,True
4345,optimization,flt_1phg_incipient_w_arc,MainBus2,True
4346,optimization,flt_1phg_incipient_w_arc,MainBus3,True
4347,optimization,flt_1phg_incipient_w_arc,MainBus4,True
4348,optimization,flt_1phg_incipient_w_arc,MainBus5,True
4349,optimization,flt_1phg_incipient_w_arc,MainBus6,True
4350,evaluation,flt_1phg_incipient_w_arc,MainBus7,True
4351,optimization,flt_1phg_incipient_w_arc,MainBus8,True
4352,optimization,flt_1phg_incipient_w_arc,MainBus9,True
4353,optimization,switch_inrushLV,MainBus1,False
4354,optimization,switch_inrushLV,MainBus10,False
4355,optimization,switch_inrushLV,MainBus11,False
4356,optimization,switch_inrushLV,MainBus12,False
4357,optimization,switch_inrushLV,MainBus13,False
4358,optimization,switch_inrushLV,MainBus14,False
4359,optimization,switch_inrushLV,MainBus2,False
4360,optimization,switch_inrushLV,MainBus3,False
4361,optimization,switch_inrushLV,MainBus4,False
4362,optimization,switch_inrushLV,MainBus5,False
4363,optimization,switch_inrushLV,MainBus6,False
4364,optimization,switch_inrushLV,MainBus7,False
4365,optimization,switch_inrushLV,MainBus8,False
4366,monitoring,switch_inrushLV,MainBus9,False
4367,optimization,switch_inrushHV,MainBus1,False
4368,optimization,switch_inrushHV,MainBus10,False
4369,optimization,switch_inrushHV,MainBus11,False
4370,optimization,switch_inrushHV,MainBus12,False
4371,optimization,switch_inrushHV,MainBus13,False
4372,optimization,switch_inrushHV,MainBus14,False
4373,optimization,switch_inrushHV,MainBus2,False
4374,optimization,switch_inrushHV,MainBus3,False
4375,optimization,switch_inrushHV,MainBus4,False
4376,optimization,switch_inrushHV,MainBus5,False
4377,optimization,switch_inrushHV,MainBus6,False
4378,optimization,switch_inrushHV,MainBus7,False
4379,optimization,switch_inrushHV,MainBus8,False
4380,evaluation,switch_inrushHV,MainBus9,False
4381,optimization,switch_load_on,MainBus1,False
4382,optimization,switch_load_on,MainBus10,False
4383,monitoring,switch_load_on,MainBus11,False
4384,optimization,switch_load_on,MainBus12,False
4385,optimization,switch_load_on,MainBus13,False
4386,optimization,switch_load_on,MainBus14,False
4387,optimization,switch_load_on,MainBus2,False
4388,optimization,switch_load_on,MainBus3,False
4389,optimization,switch_load_on,MainBus4,False
4390,optimization,switch_load_on,MainBus5,False
4391,optimization,switch_load_on,MainBus6,False
4392,optimization,switch_load_on,MainBus7,False
4393,optimization,switch_load_on,MainBus8,False
4394,optimization,switch_load_on,MainBus9,False
4395,optimization,switch_load_off,MainBus1,False
4396,optimization,switch_load_off,MainBus10,False
4397,optimization,switch_load_off,MainBus11,False
4398,optimization,switch_load_off,MainBus12,False
4399,optimization,switch_load_off,MainBus13,False
4400,evaluation,switch_load_off,MainBus14,False
4401,optimization,switch_load_off,MainBus2,False
4402,optimization,switch_load_off,MainBus3,False
4403,optimization,switch_load_off,MainBus4,False
4404,optimization,switch_load_off,MainBus5,False
4405,optimization,switch_load_off,MainBus6,False
4406,optimization,switch_load_off,MainBus7,False
4407,optimization,switch_load_off,MainBus8,False
4408,optimization,switch_load_off,MainBus9,False
4409,optimization,switch_cap_on,MainBus1,False
4410,optimization,switch_cap_on,MainBus10,False
4411,optimization,switch_cap_on,MainBus11,False
4412,optimization,switch_cap_on,MainBus12,False
4413,optimization,switch_cap_on,MainBus13,False
4414,evaluation,switch_cap_on,MainBus14,False
4415,optimization,switch_cap_on,MainBus2,False
4416,optimization,switch_cap_on,MainBus3,False
4417,optimization,switch_cap_on,MainBus4,False
4418,optimization,switch_cap_on,MainBus5,False
4419,optimization,switch_cap_on,MainBus6,False
4420,optimization,switch_cap_on,MainBus7,False
4421,optimization,switch_cap_on,MainBus8,False
4422,optimization,switch_cap_on,MainBus9,False
4423,optimization,switch_cap_off,MainBus1,False
4424,optimization,switch_cap_off,MainBus10,False
4425,optimization,switch_cap_off,MainBus11,False
4426,optimization,switch_cap_off,MainBus12,False
4427,optimization,switch_cap_off,MainBus13,False
4428,evaluation,switch_cap_off,MainBus14,False
4429,monitoring,switch_cap_off,MainBus2,False
4430,optimization,switch_cap_off,MainBus3,False
4431,optimization,switch_cap_off,MainBus4,False
4432,monitoring,switch_cap_off,MainBus5,False
4433,optimization,switch_cap_off,MainBus6,False
4434,optimization,switch_cap_off,MainBus7,False
4435,evaluation,switch_cap_off,MainBus8,False
4436,monitoring,switch_cap_off,MainBus9,False
4437,optimization,switch_ohl_on,MainBus1,False
4438,monitoring,switch_ohl_on,MainBus10,False
4439,optimization,switch_ohl_on,MainBus11,False
4440,optimization,switch_ohl_on,MainBus12,False
4441,optimization,switch_ohl_on,MainBus13,False
4442,optimization,switch_ohl_on,MainBus14,False
4443,optimization,switch_ohl_on,MainBus2,False
4444,optimization,switch_ohl_on,MainBus3,False
4445,optimization,switch_ohl_on,MainBus4,False
4446,optimization,switch_ohl_on,MainBus5,False
4447,optimization,switch_ohl_on,MainBus6,False
4448,optimization,switch_ohl_on,MainBus7,False
4449,evaluation,switch_ohl_on,MainBus8,False
4450,monitoring,switch_ohl_on,MainBus9,False
4451,optimization,switch_ohl_off,MainBus1,False
4452,optimization,switch_ohl_off,MainBus10,False
4453,optimization,switch_ohl_off,MainBus11,False
4454,optimization,switch_ohl_off,MainBus12,False
4455,optimization,switch_ohl_off,MainBus13,False
4456,optimization,switch_ohl_off,MainBus14,False
4457,optimization,switch_ohl_off,MainBus2,False
4458,optimization,switch_ohl_off,MainBus3,False
4459,optimization,switch_ohl_off,MainBus4,False
4460,optimization,switch_ohl_off,MainBus5,False
4461,optimization,switch_ohl_off,MainBus6,False
4462,monitoring,switch_ohl_off,MainBus7,False
4463,optimization,switch_ohl_off,MainBus8,False
4464,optimization,switch_ohl_off,MainBus9,False
4465,optimization,switch_cable_on,MainBus1,False
4466,optimization,switch_cable_on,MainBus10,False
4467,optimization,switch_cable_on,MainBus11,False
4468,monitoring,switch_cable_on,MainBus12,False
4469,optimization,switch_cable_on,MainBus13,False
4470,optimization,switch_cable_on,MainBus14,False
4471,optimization,switch_cable_on,MainBus2,False
4472,optimization,switch_cable_on,MainBus3,False
4473,monitoring,switch_cable_on,MainBus4,False
4474,optimization,switch_cable_on,MainBus5,False
4475,evaluation,switch_cable_on,MainBus6,False
4476,optimization,switch_cable_on,MainBus7,False
4477,optimization,switch_cable_on,MainBus8,False
4478,optimization,switch_cable_on,MainBus9,False
4479,optimization,switch_cable_off,MainBus1,False
4480,optimization,switch_cable_off,MainBus10,False
4481,optimization,switch_cable_off,MainBus11,False
4482,monitoring,switch_cable_off,MainBus12,False
4483,optimization,switch_cable_off,MainBus13,False
4484,evaluation,switch_cable_off,MainBus14,False
4485,optimization,switch_cable_off,MainBus2,False
4486,optimization,switch_cable_off,MainBus3,False
4487,evaluation,switch_cable_off,MainBus4,False
4488,optimization,switch_cable_off,MainBus5,False
4489,optimization,switch_cable_off,MainBus6,False
4490,optimization,switch_cable_off,MainBus7,False
4491,evaluation,switch_cable_off,MainBus8,False
4492,optimization,switch_cable_off,MainBus9,False
4493,optimization,switch_motor_start,MainBus1,False
4494,optimization,switch_motor_start,MainBus10,False
4495,optimization,switch_motor_start,MainBus11,False
4496,monitoring,switch_motor_start,MainBus12,False
4497,optimization,switch_motor_start,MainBus13,False
4498,optimization,switch_motor_start,MainBus14,False
4499,optimization,switch_motor_start,MainBus2,False
4500,optimization,switch_motor_start,MainBus3,False
4501,optimization,switch_motor_start,MainBus4,False
4502,optimization,switch_motor_start,MainBus5,False
4503,evaluation,switch_motor_start,MainBus6,False
4504,optimization,switch_motor_start,MainBus7,False
4505,optimization,switch_motor_start,MainBus8,False
4506,optimization,switch_motor_start,MainBus9,False
